target,donor_rank_spearman,historical_best_donor,final_core_best_donor,best_donor_agrees
covid19_twitter,1.0,ukr_rus_twitter,ukr_rus_twitter,True
covid_political,0.9523809523809524,covid19_twitter,covid19_twitter,True
cp_hk_twitter,0.9047619047619048,covid19_twitter,covid19_twitter,True
election2020,0.8095238095238096,covid19_twitter,twibot20,False
facebook_page_reference,0.9761904761904763,ukr_rus_twitter,ukr_rus_twitter,True
midterm,0.9285714285714287,covid19_twitter,ukr_rus_twitter,False
twibot20,0.9523809523809524,covid19_twitter,covid19_twitter,True
ukr_rus_suspended,0.9761904761904763,ukr_rus_twitter,ukr_rus_twitter,True
ukr_rus_twitter,0.9047619047619048,covid19_twitter,covid19_twitter,True
