condition,excluded,target,accuracy,roc_auc,run_dir
baseline,covid_political,covid_political,0.8303333333333334,0.9040681831597221,/dataMeR1/phil/gfm/prodigy-mtfast/log/eval_HELDOUT_NM_MT_to_covid_political_pl_3shot_31_08_2026_20_29_53
baseline,covid_political,election2020,0.9765,0.987863,/dataMeR1/phil/gfm/prodigy-mtfast/log/eval_INMIX_NM_MT_EXCL_covid_political_to_election2020_pl_3shot_31_08_2026_23_03_41
baseline,covid_political,facebook_page_reference,0.1615,0.745903963523707,/dataMeR1/phil/gfm/prodigy-mtfast/log/eval_INMIX_NM_MT_EXCL_covid_political_to_facebook_page_reference_pl_3shot_31_08_2026_23_06_08
baseline,covid_political,twibot20,0.7385,0.8145120538194444,/dataMeR1/phil/gfm/prodigy-mtfast/log/eval_INMIX_NM_MT_EXCL_covid_political_to_twibot20_pl_3shot_31_08_2026_23_08_35
baseline,covid_political,ukr_rus_suspended,0.56225,0.5914008749999999,/dataMeR1/phil/gfm/prodigy-mtfast/log/eval_INMIX_NM_MT_EXCL_covid_political_to_ukr_rus_suspended_pl_3shot_31_08_2026_23_09_27
baseline,election2020,covid_political,0.9031875,0.9500157317708333,/dataMeR1/phil/gfm/prodigy-mtfast/log/eval_INMIX_NM_MT_EXCL_election2020_to_covid_political_pl_3shot_31_08_2026_23_03_29
baseline,election2020,election2020,0.97275,0.9851997500000002,/dataMeR1/phil/gfm/prodigy-mtfast/log/eval_HELDOUT_NM_MT_to_election2020_pl_3shot_31_08_2026_20_29_53
baseline,election2020,facebook_page_reference,0.14779583333333332,0.7451846660470546,/dataMeR1/phil/gfm/prodigy-mtfast/log/eval_INMIX_NM_MT_EXCL_election2020_to_facebook_page_reference_pl_3shot_31_08_2026_23_05_56
baseline,election2020,twibot20,0.7368541666666667,0.8154823090277779,/dataMeR1/phil/gfm/prodigy-mtfast/log/eval_INMIX_NM_MT_EXCL_election2020_to_twibot20_pl_3shot_31_08_2026_23_08_24
baseline,election2020,ukr_rus_suspended,0.55075,0.5786813749999999,/dataMeR1/phil/gfm/prodigy-mtfast/log/eval_INMIX_NM_MT_EXCL_election2020_to_ukr_rus_suspended_pl_3shot_31_08_2026_23_09_16
baseline,facebook_page_reference,covid_political,0.9055625,0.9539480277777778,/dataMeR1/phil/gfm/prodigy-mtfast/log/eval_INMIX_NM_MT_EXCL_facebook_page_reference_to_covid_political_pl_3shot_31_08_2026_23_03_40
baseline,facebook_page_reference,election2020,0.97975,0.987244,/dataMeR1/phil/gfm/prodigy-mtfast/log/eval_INMIX_NM_MT_EXCL_facebook_page_reference_to_election2020_pl_3shot_31_08_2026_23_04_19
baseline,facebook_page_reference,facebook_page_reference,0.06534166666666667,0.578786377271911,/dataMeR1/phil/gfm/prodigy-mtfast/log/eval_HELDOUT_NM_MT_to_facebook_page_reference_pl_3shot_31_08_2026_20_29_53
baseline,facebook_page_reference,twibot20,0.7336458333333333,0.8154863324652778,/dataMeR1/phil/gfm/prodigy-mtfast/log/eval_INMIX_NM_MT_EXCL_facebook_page_reference_to_twibot20_pl_3shot_31_08_2026_23_05_21
baseline,facebook_page_reference,ukr_rus_suspended,0.553,0.56456025,/dataMeR1/phil/gfm/prodigy-mtfast/log/eval_INMIX_NM_MT_EXCL_facebook_page_reference_to_ukr_rus_suspended_pl_3shot_31_08_2026_23_05_55
baseline,twibot20,covid_political,0.895625,0.9511674270833335,/dataMeR1/phil/gfm/prodigy-mtfast/log/eval_INMIX_NM_MT_EXCL_twibot20_to_covid_political_pl_3shot_31_08_2026_23_03_25
baseline,twibot20,election2020,0.979,0.98790775,/dataMeR1/phil/gfm/prodigy-mtfast/log/eval_INMIX_NM_MT_EXCL_twibot20_to_election2020_pl_3shot_31_08_2026_23_03_53
baseline,twibot20,facebook_page_reference,0.15043333333333334,0.7419322506824712,/dataMeR1/phil/gfm/prodigy-mtfast/log/eval_INMIX_NM_MT_EXCL_twibot20_to_facebook_page_reference_pl_3shot_31_08_2026_23_06_44
baseline,twibot20,twibot20,0.5635208333333334,0.5879693550347223,/dataMeR1/phil/gfm/prodigy-mtfast/log/eval_HELDOUT_NM_MT_to_twibot20_pl_3shot_31_08_2026_20_29_51
baseline,twibot20,ukr_rus_suspended,0.555,0.5782858750000001,/dataMeR1/phil/gfm/prodigy-mtfast/log/eval_INMIX_NM_MT_EXCL_twibot20_to_ukr_rus_suspended_pl_3shot_31_08_2026_23_09_13
baseline,ukr_rus_suspended,covid_political,0.8962708333333333,0.9487122092013889,/dataMeR1/phil/gfm/prodigy-mtfast/log/eval_INMIX_NM_MT_EXCL_ukr_rus_suspended_to_covid_political_pl_3shot_31_08_2026_23_03_37
baseline,ukr_rus_suspended,election2020,0.978,0.9885035,/dataMeR1/phil/gfm/prodigy-mtfast/log/eval_INMIX_NM_MT_EXCL_ukr_rus_suspended_to_election2020_pl_3shot_31_08_2026_23_04_15
baseline,ukr_rus_suspended,facebook_page_reference,0.158,0.7554473269306752,/dataMeR1/phil/gfm/prodigy-mtfast/log/eval_INMIX_NM_MT_EXCL_ukr_rus_suspended_to_facebook_page_reference_pl_3shot_31_08_2026_23_07_09
baseline,ukr_rus_suspended,twibot20,0.7387916666666666,0.8138142890625,/dataMeR1/phil/gfm/prodigy-mtfast/log/eval_INMIX_NM_MT_EXCL_ukr_rus_suspended_to_twibot20_pl_3shot_31_08_2026_23_09_34
baseline,ukr_rus_suspended,ukr_rus_suspended,0.49025,0.48179349999999993,/dataMeR1/phil/gfm/prodigy-mtfast/log/eval_HELDOUT_NM_MT_to_ukr_rus_suspended_pl_3shot_31_08_2026_20_29_53
task8,covid_political,covid_political,0.8406875,0.9038127499999999,/dataMeR1/phil/gfm/prodigy-task8/log/eval_TASK8_EXCL_covid_political_to_covid_political_pl_3shot_31_08_2026_23_44_54
task8,covid_political,election2020,0.979,0.988588,/dataMeR1/phil/gfm/prodigy-task8/log/eval_TASK8_EXCL_covid_political_to_election2020_pl_3shot_31_08_2026_23_44_54
task8,covid_political,facebook_page_reference,0.15440416666666668,0.7191174718660202,/dataMeR1/phil/gfm/prodigy-task8/log/eval_TASK8_EXCL_covid_political_to_facebook_page_reference_pl_3shot_31_08_2026_23_45_36
task8,covid_political,twibot20,0.7186875,0.7896752951388889,/dataMeR1/phil/gfm/prodigy-task8/log/eval_TASK8_EXCL_covid_political_to_twibot20_pl_3shot_31_08_2026_23_45_39
task8,covid_political,ukr_rus_suspended,0.532,0.564237,/dataMeR1/phil/gfm/prodigy-task8/log/eval_TASK8_EXCL_covid_political_to_ukr_rus_suspended_pl_3shot_31_08_2026_23_48_04
task8,election2020,covid_political,0.8945625,0.944588171875,/dataMeR1/phil/gfm/prodigy-task8/log/eval_TASK8_EXCL_election2020_to_covid_political_pl_3shot_31_08_2026_23_44_55
task8,election2020,election2020,0.9735,0.9855317500000002,/dataMeR1/phil/gfm/prodigy-task8/log/eval_TASK8_EXCL_election2020_to_election2020_pl_3shot_31_08_2026_23_44_55
task8,election2020,facebook_page_reference,0.16057083333333333,0.735290466639727,/dataMeR1/phil/gfm/prodigy-task8/log/eval_TASK8_EXCL_election2020_to_facebook_page_reference_pl_3shot_31_08_2026_23_45_31
task8,election2020,twibot20,0.7326041666666666,0.8086106041666666,/dataMeR1/phil/gfm/prodigy-task8/log/eval_TASK8_EXCL_election2020_to_twibot20_pl_3shot_31_08_2026_23_45_31
task8,election2020,ukr_rus_suspended,0.54325,0.5674263749999999,/dataMeR1/phil/gfm/prodigy-task8/log/eval_TASK8_EXCL_election2020_to_ukr_rus_suspended_pl_3shot_31_08_2026_23_47_57
task8,facebook_page_reference,covid_political,0.905,0.9516927569444446,/dataMeR1/phil/gfm/prodigy-task8/log/eval_TASK8_EXCL_facebook_page_reference_to_covid_political_pl_3shot_31_08_2026_23_44_55
task8,facebook_page_reference,election2020,0.9795,0.9872505000000001,/dataMeR1/phil/gfm/prodigy-task8/log/eval_TASK8_EXCL_facebook_page_reference_to_election2020_pl_3shot_31_08_2026_23_44_55
task8,facebook_page_reference,facebook_page_reference,0.06590416666666667,0.5738327892690372,/dataMeR1/phil/gfm/prodigy-task8/log/eval_TASK8_EXCL_facebook_page_reference_to_facebook_page_reference_pl_3shot_31_08_2026_23_45_39
task8,facebook_page_reference,twibot20,0.7405625,0.8160574852430555,/dataMeR1/phil/gfm/prodigy-task8/log/eval_TASK8_EXCL_facebook_page_reference_to_twibot20_pl_3shot_31_08_2026_23_45_39
task8,facebook_page_reference,ukr_rus_suspended,0.569,0.5892295000000001,/dataMeR1/phil/gfm/prodigy-task8/log/eval_TASK8_EXCL_facebook_page_reference_to_ukr_rus_suspended_pl_3shot_31_08_2026_23_48_08
task8,twibot20,covid_political,0.8942708333333333,0.9502120008680557,/dataMeR1/phil/gfm/prodigy-task8/log/eval_TASK8_EXCL_twibot20_to_covid_political_pl_3shot_31_08_2026_23_44_54
task8,twibot20,election2020,0.97875,0.9877850000000001,/dataMeR1/phil/gfm/prodigy-task8/log/eval_TASK8_EXCL_twibot20_to_election2020_pl_3shot_31_08_2026_23_44_55
task8,twibot20,facebook_page_reference,0.15609166666666666,0.7538486135326868,/dataMeR1/phil/gfm/prodigy-task8/log/eval_TASK8_EXCL_twibot20_to_facebook_page_reference_pl_3shot_31_08_2026_23_45_30
task8,twibot20,twibot20,0.5820833333333333,0.6063167673611112,/dataMeR1/phil/gfm/prodigy-task8/log/eval_TASK8_EXCL_twibot20_to_twibot20_pl_3shot_31_08_2026_23_45_30
task8,twibot20,ukr_rus_suspended,0.567,0.590629875,/dataMeR1/phil/gfm/prodigy-task8/log/eval_TASK8_EXCL_twibot20_to_ukr_rus_suspended_pl_3shot_31_08_2026_23_47_58
task8,ukr_rus_suspended,covid_political,0.9039375,0.9540294835069444,/dataMeR1/phil/gfm/prodigy-task8/log/eval_TASK8_EXCL_ukr_rus_suspended_to_covid_political_pl_3shot_31_08_2026_23_44_52
task8,ukr_rus_suspended,election2020,0.9785,0.9888075000000001,/dataMeR1/phil/gfm/prodigy-task8/log/eval_TASK8_EXCL_ukr_rus_suspended_to_election2020_pl_3shot_31_08_2026_23_44_54
task8,ukr_rus_suspended,facebook_page_reference,0.16306666666666667,0.7455200858387213,/dataMeR1/phil/gfm/prodigy-task8/log/eval_TASK8_EXCL_ukr_rus_suspended_to_facebook_page_reference_pl_3shot_31_08_2026_23_45_34
task8,ukr_rus_suspended,twibot20,0.7416458333333333,0.8216299609375,/dataMeR1/phil/gfm/prodigy-task8/log/eval_TASK8_EXCL_ukr_rus_suspended_to_twibot20_pl_3shot_31_08_2026_23_45_37
task8,ukr_rus_suspended,ukr_rus_suspended,0.48225,0.48073387500000003,/dataMeR1/phil/gfm/prodigy-task8/log/eval_TASK8_EXCL_ukr_rus_suspended_to_ukr_rus_suspended_pl_3shot_31_08_2026_23_48_01
