threshold,alpha,iterations,excluded,target,run_dir,val_accuracy,val_roc_auc,test_accuracy,test_roc_auc
0.7,0.25,1,covid_political,covid_political,/dataMeR1/phil/gfm/prodigy-mttrans/log/eval_TRANS_T07_A025_I1_EXCL_covid_political_to_covid_political_pl_3shot_01_09_2026_01_10_02,0.8653958333333334,0.9253462864583333,0.862375,0.9171664409722222
0.7,0.25,1,covid_political,election2020,/dataMeR1/phil/gfm/prodigy-mttrans/log/eval_TRANS_T07_A025_I1_EXCL_covid_political_to_election2020_pl_3shot_01_09_2026_01_10_02,0.97575,0.99072425,0.976,0.9884620000000001
0.7,0.25,1,covid_political,facebook_page_reference,/dataMeR1/phil/gfm/prodigy-mttrans/log/eval_TRANS_T07_A025_I1_EXCL_covid_political_to_facebook_page_reference_pl_3shot_01_09_2026_01_10_51,0.12528333333333333,0.736474267025862,0.1248625,0.735398965400503
0.7,0.25,1,covid_political,twibot20,/dataMeR1/phil/gfm/prodigy-mttrans/log/eval_TRANS_T07_A025_I1_EXCL_covid_political_to_twibot20_pl_3shot_01_09_2026_01_10_51,0.73925,0.8190992013888889,0.7251666666666666,0.8142474574652778
0.7,0.25,1,covid_political,ukr_rus_suspended,/dataMeR1/phil/gfm/prodigy-mttrans/log/eval_TRANS_T07_A025_I1_EXCL_covid_political_to_ukr_rus_suspended_pl_3shot_01_09_2026_01_13_16,0.56025,0.5813113750000001,0.55225,0.561931
0.7,0.25,1,election2020,covid_political,/dataMeR1/phil/gfm/prodigy-mttrans/log/eval_TRANS_T07_A025_I1_EXCL_election2020_to_covid_political_pl_3shot_01_09_2026_01_10_00,0.8906041666666666,0.9491117378472224,0.8856875,0.9427190651041667
0.7,0.25,1,election2020,election2020,/dataMeR1/phil/gfm/prodigy-mttrans/log/eval_TRANS_T07_A025_I1_EXCL_election2020_to_election2020_pl_3shot_01_09_2026_01_10_00,0.9505,0.985797,0.95475,0.98513125
0.7,0.25,1,election2020,facebook_page_reference,/dataMeR1/phil/gfm/prodigy-mttrans/log/eval_TRANS_T07_A025_I1_EXCL_election2020_to_facebook_page_reference_pl_3shot_01_09_2026_01_10_37,0.11627916666666667,0.7279336619971264,0.1144875,0.7250178185793821
0.7,0.25,1,election2020,twibot20,/dataMeR1/phil/gfm/prodigy-mttrans/log/eval_TRANS_T07_A025_I1_EXCL_election2020_to_twibot20_pl_3shot_01_09_2026_01_10_37,0.7252916666666667,0.8090127022569444,0.7209791666666666,0.7995531319444444
0.7,0.25,1,election2020,ukr_rus_suspended,/dataMeR1/phil/gfm/prodigy-mttrans/log/eval_TRANS_T07_A025_I1_EXCL_election2020_to_ukr_rus_suspended_pl_3shot_01_09_2026_01_13_04,0.54125,0.562289375,0.541,0.558887
0.7,0.25,1,facebook_page_reference,covid_political,/dataMeR1/phil/gfm/prodigy-mttrans/log/eval_TRANS_T07_A025_I1_EXCL_facebook_page_reference_to_covid_political_pl_3shot_01_09_2026_01_09_59,0.9085208333333333,0.9567682881944445,0.9055208333333333,0.9537729644097223
0.7,0.25,1,facebook_page_reference,election2020,/dataMeR1/phil/gfm/prodigy-mttrans/log/eval_TRANS_T07_A025_I1_EXCL_facebook_page_reference_to_election2020_pl_3shot_01_09_2026_01_10_00,0.97875,0.990145125,0.9785,0.9891249999999999
0.7,0.25,1,facebook_page_reference,facebook_page_reference,/dataMeR1/phil/gfm/prodigy-mttrans/log/eval_TRANS_T07_A025_I1_EXCL_facebook_page_reference_to_facebook_page_reference_pl_3shot_01_09_2026_01_10_44,0.05343333333333333,0.5528785380747127,0.05155,0.5543050143049569
0.7,0.25,1,facebook_page_reference,twibot20,/dataMeR1/phil/gfm/prodigy-mttrans/log/eval_TRANS_T07_A025_I1_EXCL_facebook_page_reference_to_twibot20_pl_3shot_01_09_2026_01_10_44,0.7378333333333333,0.8134248003472222,0.7285833333333334,0.8085937309027778
0.7,0.25,1,facebook_page_reference,ukr_rus_suspended,/dataMeR1/phil/gfm/prodigy-mttrans/log/eval_TRANS_T07_A025_I1_EXCL_facebook_page_reference_to_ukr_rus_suspended_pl_3shot_01_09_2026_01_13_12,0.56825,0.5828048750000001,0.55375,0.573192
0.7,0.25,1,twibot20,covid_political,/dataMeR1/phil/gfm/prodigy-mttrans/log/eval_TRANS_T07_A025_I1_EXCL_twibot20_to_covid_political_pl_3shot_01_09_2026_01_10_02,0.8985625,0.9537127473958334,0.8958333333333334,0.9486309210069446
0.7,0.25,1,twibot20,election2020,/dataMeR1/phil/gfm/prodigy-mttrans/log/eval_TRANS_T07_A025_I1_EXCL_twibot20_to_election2020_pl_3shot_01_09_2026_01_10_02,0.979,0.9910565,0.9785,0.9895875
0.7,0.25,1,twibot20,facebook_page_reference,/dataMeR1/phil/gfm/prodigy-mttrans/log/eval_TRANS_T07_A025_I1_EXCL_twibot20_to_facebook_page_reference_pl_3shot_01_09_2026_01_10_40,0.12014166666666666,0.7327631377693965,0.11959166666666667,0.7306783374371408
0.7,0.25,1,twibot20,twibot20,/dataMeR1/phil/gfm/prodigy-mttrans/log/eval_TRANS_T07_A025_I1_EXCL_twibot20_to_twibot20_pl_3shot_01_09_2026_01_10_39,0.6531458333333333,0.7001049010416667,0.6387291666666667,0.6846737890625
0.7,0.25,1,twibot20,ukr_rus_suspended,/dataMeR1/phil/gfm/prodigy-mttrans/log/eval_TRANS_T07_A025_I1_EXCL_twibot20_to_ukr_rus_suspended_pl_3shot_01_09_2026_01_13_06,0.54425,0.5759132499999999,0.54525,0.5722136250000001
0.7,0.25,1,ukr_rus_suspended,covid_political,/dataMeR1/phil/gfm/prodigy-mttrans/log/eval_TRANS_T07_A025_I1_EXCL_ukr_rus_suspended_to_covid_political_pl_3shot_01_09_2026_01_10_02,0.8993125,0.9523145008680556,0.8933125,0.9470315842013889
0.7,0.25,1,ukr_rus_suspended,election2020,/dataMeR1/phil/gfm/prodigy-mttrans/log/eval_TRANS_T07_A025_I1_EXCL_ukr_rus_suspended_to_election2020_pl_3shot_01_09_2026_01_10_02,0.9775,0.990592875,0.97725,0.98986325
0.7,0.25,1,ukr_rus_suspended,facebook_page_reference,/dataMeR1/phil/gfm/prodigy-mttrans/log/eval_TRANS_T07_A025_I1_EXCL_ukr_rus_suspended_to_facebook_page_reference_pl_3shot_01_09_2026_01_10_51,0.14807916666666668,0.7523042861260775,0.14562083333333334,0.7481941688577588
0.7,0.25,1,ukr_rus_suspended,twibot20,/dataMeR1/phil/gfm/prodigy-mttrans/log/eval_TRANS_T07_A025_I1_EXCL_ukr_rus_suspended_to_twibot20_pl_3shot_01_09_2026_01_10_52,0.7271875,0.8126384869791667,0.7249791666666666,0.8135545520833333
0.7,0.25,1,ukr_rus_suspended,ukr_rus_suspended,/dataMeR1/phil/gfm/prodigy-mttrans/log/eval_TRANS_T07_A025_I1_EXCL_ukr_rus_suspended_to_ukr_rus_suspended_pl_3shot_01_09_2026_01_13_17,0.51375,0.519288875,0.5035,0.49605524999999995
0.7,0.5,1,covid_political,covid_political,/dataMeR1/phil/gfm/prodigy-mttrans/log/eval_TRANS_T07_A05_I1_EXCL_covid_political_to_covid_political_pl_3shot_01_09_2026_01_13_47,0.8671041666666667,0.9265329956597221,0.8641875,0.9184094678819444
0.7,0.5,1,covid_political,election2020,/dataMeR1/phil/gfm/prodigy-mttrans/log/eval_TRANS_T07_A05_I1_EXCL_covid_political_to_election2020_pl_3shot_01_09_2026_01_13_46,0.974,0.9912836250000001,0.975,0.9885530000000001
0.7,0.5,1,covid_political,facebook_page_reference,/dataMeR1/phil/gfm/prodigy-mttrans/log/eval_TRANS_T07_A05_I1_EXCL_covid_political_to_facebook_page_reference_pl_3shot_01_09_2026_01_14_35,0.12528333333333333,0.7364742639367815,0.12486666666666667,0.7353989628591954
0.7,0.5,1,covid_political,twibot20,/dataMeR1/phil/gfm/prodigy-mttrans/log/eval_TRANS_T07_A05_I1_EXCL_covid_political_to_twibot20_pl_3shot_01_09_2026_01_14_35,0.7315208333333333,0.8142188767361112,0.7194791666666667,0.810534209201389
0.7,0.5,1,covid_political,ukr_rus_suspended,/dataMeR1/phil/gfm/prodigy-mttrans/log/eval_TRANS_T07_A05_I1_EXCL_covid_political_to_ukr_rus_suspended_pl_3shot_01_09_2026_01_17_04,0.56,0.581154875,0.55225,0.561733875
0.7,0.5,1,election2020,covid_political,/dataMeR1/phil/gfm/prodigy-mttrans/log/eval_TRANS_T07_A05_I1_EXCL_election2020_to_covid_political_pl_3shot_01_09_2026_01_13_48,0.891375,0.9495019947916667,0.8878333333333334,0.9434080069444444
0.7,0.5,1,election2020,election2020,/dataMeR1/phil/gfm/prodigy-mttrans/log/eval_TRANS_T07_A05_I1_EXCL_election2020_to_election2020_pl_3shot_01_09_2026_01_13_48,0.922,0.9815562500000001,0.92325,0.98036675
0.7,0.5,1,election2020,facebook_page_reference,/dataMeR1/phil/gfm/prodigy-mttrans/log/eval_TRANS_T07_A05_I1_EXCL_election2020_to_facebook_page_reference_pl_3shot_01_09_2026_01_14_26,0.11627916666666667,0.7279336646910918,0.1144875,0.7250178165948277
0.7,0.5,1,election2020,twibot20,/dataMeR1/phil/gfm/prodigy-mttrans/log/eval_TRANS_T07_A05_I1_EXCL_election2020_to_twibot20_pl_3shot_01_09_2026_01_14_26,0.7198125,0.8020274991319444,0.7106041666666667,0.7914560199652778
0.7,0.5,1,election2020,ukr_rus_suspended,/dataMeR1/phil/gfm/prodigy-mttrans/log/eval_TRANS_T07_A05_I1_EXCL_election2020_to_ukr_rus_suspended_pl_3shot_01_09_2026_01_16_53,0.54075,0.561259375,0.5405,0.55763875
0.7,0.5,1,facebook_page_reference,covid_political,/dataMeR1/phil/gfm/prodigy-mttrans/log/eval_TRANS_T07_A05_I1_EXCL_facebook_page_reference_to_covid_political_pl_3shot_01_09_2026_01_13_47,0.9078333333333334,0.957054818576389,0.905125,0.9540912335069445
0.7,0.5,1,facebook_page_reference,election2020,/dataMeR1/phil/gfm/prodigy-mttrans/log/eval_TRANS_T07_A05_I1_EXCL_facebook_page_reference_to_election2020_pl_3shot_01_09_2026_01_13_48,0.9755,0.9899666250000001,0.97675,0.988393125
0.7,0.5,1,facebook_page_reference,facebook_page_reference,/dataMeR1/phil/gfm/prodigy-mttrans/log/eval_TRANS_T07_A05_I1_EXCL_facebook_page_reference_to_facebook_page_reference_pl_3shot_01_09_2026_01_14_34,0.0534375,0.5528659378591954,0.05155,0.5543050132453305
0.7,0.5,1,facebook_page_reference,twibot20,/dataMeR1/phil/gfm/prodigy-mttrans/log/eval_TRANS_T07_A05_I1_EXCL_facebook_page_reference_to_twibot20_pl_3shot_01_09_2026_01_14_37,0.7304791666666667,0.8089885008680555,0.7219791666666666,0.8051242864583333
0.7,0.5,1,facebook_page_reference,ukr_rus_suspended,/dataMeR1/phil/gfm/prodigy-mttrans/log/eval_TRANS_T07_A05_I1_EXCL_facebook_page_reference_to_ukr_rus_suspended_pl_3shot_01_09_2026_01_17_01,0.5675,0.5820147499999999,0.55375,0.5727147499999999
0.7,0.5,1,twibot20,covid_political,/dataMeR1/phil/gfm/prodigy-mttrans/log/eval_TRANS_T07_A05_I1_EXCL_twibot20_to_covid_political_pl_3shot_01_09_2026_01_13_47,0.8979791666666667,0.9536090694444445,0.8959791666666667,0.9486528177083334
0.7,0.5,1,twibot20,election2020,/dataMeR1/phil/gfm/prodigy-mttrans/log/eval_TRANS_T07_A05_I1_EXCL_twibot20_to_election2020_pl_3shot_01_09_2026_01_13_47,0.977,0.9912924999999999,0.977,0.98944725
0.7,0.5,1,twibot20,facebook_page_reference,/dataMeR1/phil/gfm/prodigy-mttrans/log/eval_TRANS_T07_A05_I1_EXCL_twibot20_to_facebook_page_reference_pl_3shot_01_09_2026_01_14_24,0.12010833333333333,0.7325724381106322,0.11957916666666667,0.7305256749012212
0.7,0.5,1,twibot20,twibot20,/dataMeR1/phil/gfm/prodigy-mttrans/log/eval_TRANS_T07_A05_I1_EXCL_twibot20_to_twibot20_pl_3shot_01_09_2026_01_14_25,0.65375,0.703080015625,0.6397083333333333,0.6875275416666666
0.7,0.5,1,twibot20,ukr_rus_suspended,/dataMeR1/phil/gfm/prodigy-mttrans/log/eval_TRANS_T07_A05_I1_EXCL_twibot20_to_ukr_rus_suspended_pl_3shot_01_09_2026_01_16_53,0.5435,0.568607,0.5415,0.5595018749999999
0.7,0.5,1,ukr_rus_suspended,covid_political,/dataMeR1/phil/gfm/prodigy-mttrans/log/eval_TRANS_T07_A05_I1_EXCL_ukr_rus_suspended_to_covid_political_pl_3shot_01_09_2026_01_13_48,0.901125,0.9531132118055555,0.8958541666666666,0.9480012309027777
0.7,0.5,1,ukr_rus_suspended,election2020,/dataMeR1/phil/gfm/prodigy-mttrans/log/eval_TRANS_T07_A05_I1_EXCL_ukr_rus_suspended_to_election2020_pl_3shot_01_09_2026_01_13_48,0.97475,0.9901642500000001,0.9735,0.98893725
0.7,0.5,1,ukr_rus_suspended,facebook_page_reference,/dataMeR1/phil/gfm/prodigy-mttrans/log/eval_TRANS_T07_A05_I1_EXCL_ukr_rus_suspended_to_facebook_page_reference_pl_3shot_01_09_2026_01_14_36,0.14797083333333333,0.7519223984554598,0.14554166666666668,0.7479504183548851
0.7,0.5,1,ukr_rus_suspended,twibot20,/dataMeR1/phil/gfm/prodigy-mttrans/log/eval_TRANS_T07_A05_I1_EXCL_ukr_rus_suspended_to_twibot20_pl_3shot_01_09_2026_01_14_38,0.7152916666666667,0.8055195989583334,0.7093125,0.8040623107638889
0.7,0.5,1,ukr_rus_suspended,ukr_rus_suspended,/dataMeR1/phil/gfm/prodigy-mttrans/log/eval_TRANS_T07_A05_I1_EXCL_ukr_rus_suspended_to_ukr_rus_suspended_pl_3shot_01_09_2026_01_17_02,0.515,0.520113625,0.497,0.49464449999999993
0.8,0.25,1,covid_political,covid_political,/dataMeR1/phil/gfm/prodigy-mttrans/log/eval_TRANS_T08_A025_I1_EXCL_covid_political_to_covid_political_pl_3shot_01_09_2026_01_17_35,0.86525,0.9253142638888889,0.8624375,0.9171277178819444
0.8,0.25,1,covid_political,election2020,/dataMeR1/phil/gfm/prodigy-mttrans/log/eval_TRANS_T08_A025_I1_EXCL_covid_political_to_election2020_pl_3shot_01_09_2026_01_17_35,0.97575,0.9906990000000001,0.976,0.98842075
0.8,0.25,1,covid_political,facebook_page_reference,/dataMeR1/phil/gfm/prodigy-mttrans/log/eval_TRANS_T08_A025_I1_EXCL_covid_political_to_facebook_page_reference_pl_3shot_01_09_2026_01_18_24,0.12527916666666666,0.7364742657956177,0.1248625,0.7353989650053879
0.8,0.25,1,covid_political,twibot20,/dataMeR1/phil/gfm/prodigy-mttrans/log/eval_TRANS_T08_A025_I1_EXCL_covid_political_to_twibot20_pl_3shot_01_09_2026_01_18_25,0.7389583333333334,0.81835803125,0.7263958333333334,0.8143023090277779
0.8,0.25,1,covid_political,ukr_rus_suspended,/dataMeR1/phil/gfm/prodigy-mttrans/log/eval_TRANS_T08_A025_I1_EXCL_covid_political_to_ukr_rus_suspended_pl_3shot_01_09_2026_01_20_56,0.56025,0.58127025,0.55225,0.5620007499999999
0.8,0.25,1,election2020,covid_political,/dataMeR1/phil/gfm/prodigy-mttrans/log/eval_TRANS_T08_A025_I1_EXCL_election2020_to_covid_political_pl_3shot_01_09_2026_01_17_35,0.8903333333333333,0.9489421284722224,0.8852083333333334,0.9426152621527778
0.8,0.25,1,election2020,election2020,/dataMeR1/phil/gfm/prodigy-mttrans/log/eval_TRANS_T08_A025_I1_EXCL_election2020_to_election2020_pl_3shot_01_09_2026_01_17_35,0.95125,0.9833782500000001,0.9555,0.9836525000000002
0.8,0.25,1,election2020,facebook_page_reference,/dataMeR1/phil/gfm/prodigy-mttrans/log/eval_TRANS_T08_A025_I1_EXCL_election2020_to_facebook_page_reference_pl_3shot_01_09_2026_01_18_10,0.11627916666666667,0.7279336653286639,0.1144875,0.7250178182471264
0.8,0.25,1,election2020,twibot20,/dataMeR1/phil/gfm/prodigy-mttrans/log/eval_TRANS_T08_A025_I1_EXCL_election2020_to_twibot20_pl_3shot_01_09_2026_01_18_14,0.724875,0.8080135529513889,0.719625,0.798169265625
0.8,0.25,1,election2020,ukr_rus_suspended,/dataMeR1/phil/gfm/prodigy-mttrans/log/eval_TRANS_T08_A025_I1_EXCL_election2020_to_ukr_rus_suspended_pl_3shot_01_09_2026_01_20_35,0.54175,0.562996375,0.5415,0.5593245
0.8,0.25,1,facebook_page_reference,covid_political,/dataMeR1/phil/gfm/prodigy-mttrans/log/eval_TRANS_T08_A025_I1_EXCL_facebook_page_reference_to_covid_political_pl_3shot_01_09_2026_01_17_33,0.9085833333333333,0.9567879053819445,0.9055,0.9537821675347222
0.8,0.25,1,facebook_page_reference,election2020,/dataMeR1/phil/gfm/prodigy-mttrans/log/eval_TRANS_T08_A025_I1_EXCL_facebook_page_reference_to_election2020_pl_3shot_01_09_2026_01_17_35,0.97875,0.9901321250000001,0.9785,0.98912025
0.8,0.25,1,facebook_page_reference,facebook_page_reference,/dataMeR1/phil/gfm/prodigy-mttrans/log/eval_TRANS_T08_A025_I1_EXCL_facebook_page_reference_to_facebook_page_reference_pl_3shot_01_09_2026_01_18_18,0.053429166666666666,0.5528883732758619,0.05155,0.5543050133081896
0.8,0.25,1,facebook_page_reference,twibot20,/dataMeR1/phil/gfm/prodigy-mttrans/log/eval_TRANS_T08_A025_I1_EXCL_facebook_page_reference_to_twibot20_pl_3shot_01_09_2026_01_18_24,0.7368958333333333,0.8131235460069445,0.727125,0.8077047500000001
0.8,0.25,1,facebook_page_reference,ukr_rus_suspended,/dataMeR1/phil/gfm/prodigy-mttrans/log/eval_TRANS_T08_A025_I1_EXCL_facebook_page_reference_to_ukr_rus_suspended_pl_3shot_01_09_2026_01_20_44,0.56825,0.5829711249999999,0.554,0.573333375
0.8,0.25,1,twibot20,covid_political,/dataMeR1/phil/gfm/prodigy-mttrans/log/eval_TRANS_T08_A025_I1_EXCL_twibot20_to_covid_political_pl_3shot_01_09_2026_01_17_35,0.8984791666666667,0.9536767022569445,0.8958958333333333,0.9485822430555555
0.8,0.25,1,twibot20,election2020,/dataMeR1/phil/gfm/prodigy-mttrans/log/eval_TRANS_T08_A025_I1_EXCL_twibot20_to_election2020_pl_3shot_01_09_2026_01_17_35,0.979,0.9910545000000001,0.9785,0.9895855
0.8,0.25,1,twibot20,facebook_page_reference,/dataMeR1/phil/gfm/prodigy-mttrans/log/eval_TRANS_T08_A025_I1_EXCL_twibot20_to_facebook_page_reference_pl_3shot_01_09_2026_01_18_13,0.12017083333333334,0.7328414479256466,0.1196,0.7307435080639367
0.8,0.25,1,twibot20,twibot20,/dataMeR1/phil/gfm/prodigy-mttrans/log/eval_TRANS_T08_A025_I1_EXCL_twibot20_to_twibot20_pl_3shot_01_09_2026_01_18_13,0.6502083333333334,0.695931279513889,0.6340416666666666,0.6780797369791667
0.8,0.25,1,twibot20,ukr_rus_suspended,/dataMeR1/phil/gfm/prodigy-mttrans/log/eval_TRANS_T08_A025_I1_EXCL_twibot20_to_ukr_rus_suspended_pl_3shot_01_09_2026_01_20_41,0.547,0.583480375,0.55,0.579849625
0.8,0.25,1,ukr_rus_suspended,covid_political,/dataMeR1/phil/gfm/prodigy-mttrans/log/eval_TRANS_T08_A025_I1_EXCL_ukr_rus_suspended_to_covid_political_pl_3shot_01_09_2026_01_17_35,0.8992291666666666,0.9523246493055555,0.8932916666666667,0.947039611111111
0.8,0.25,1,ukr_rus_suspended,election2020,/dataMeR1/phil/gfm/prodigy-mttrans/log/eval_TRANS_T08_A025_I1_EXCL_ukr_rus_suspended_to_election2020_pl_3shot_01_09_2026_01_17_35,0.9775,0.9905668750000001,0.97725,0.9898532499999999
0.8,0.25,1,ukr_rus_suspended,facebook_page_reference,/dataMeR1/phil/gfm/prodigy-mttrans/log/eval_TRANS_T08_A025_I1_EXCL_ukr_rus_suspended_to_facebook_page_reference_pl_3shot_01_09_2026_01_18_25,0.14816666666666667,0.7524076627424569,0.14567916666666667,0.7482683293372845
0.8,0.25,1,ukr_rus_suspended,twibot20,/dataMeR1/phil/gfm/prodigy-mttrans/log/eval_TRANS_T08_A025_I1_EXCL_ukr_rus_suspended_to_twibot20_pl_3shot_01_09_2026_01_18_25,0.7268541666666667,0.8121407534722223,0.7229583333333334,0.8133220225694445
0.8,0.25,1,ukr_rus_suspended,ukr_rus_suspended,/dataMeR1/phil/gfm/prodigy-mttrans/log/eval_TRANS_T08_A025_I1_EXCL_ukr_rus_suspended_to_ukr_rus_suspended_pl_3shot_01_09_2026_01_20_52,0.51475,0.5163722500000001,0.5035,0.49834775
0.8,0.5,1,covid_political,covid_political,/dataMeR1/phil/gfm/prodigy-mttrans/log/eval_TRANS_T08_A05_I1_EXCL_covid_political_to_covid_political_pl_3shot_01_09_2026_01_21_22,0.8671875,0.926469314236111,0.8638541666666667,0.9183387178819444
0.8,0.5,1,covid_political,election2020,/dataMeR1/phil/gfm/prodigy-mttrans/log/eval_TRANS_T08_A05_I1_EXCL_covid_political_to_election2020_pl_3shot_01_09_2026_01_21_22,0.971,0.99117625,0.972,0.9884415000000001
0.8,0.5,1,covid_political,facebook_page_reference,/dataMeR1/phil/gfm/prodigy-mttrans/log/eval_TRANS_T08_A05_I1_EXCL_covid_political_to_facebook_page_reference_pl_3shot_01_09_2026_01_22_12,0.12528333333333333,0.7364742647359913,0.12486666666666667,0.7353989645025142
0.8,0.5,1,covid_political,twibot20,/dataMeR1/phil/gfm/prodigy-mttrans/log/eval_TRANS_T08_A05_I1_EXCL_covid_political_to_twibot20_pl_3shot_01_09_2026_01_22_12,0.7316666666666667,0.8128025807291667,0.7213333333333334,0.8105080477430555
0.8,0.5,1,covid_political,ukr_rus_suspended,/dataMeR1/phil/gfm/prodigy-mttrans/log/eval_TRANS_T08_A05_I1_EXCL_covid_political_to_ukr_rus_suspended_pl_3shot_01_09_2026_01_24_38,0.56025,0.581270875,0.55225,0.5620008750000001
0.8,0.5,1,election2020,covid_political,/dataMeR1/phil/gfm/prodigy-mttrans/log/eval_TRANS_T08_A05_I1_EXCL_election2020_to_covid_political_pl_3shot_01_09_2026_01_21_22,0.891375,0.949090859375,0.8871041666666667,0.9431452699652778
0.8,0.5,1,election2020,election2020,/dataMeR1/phil/gfm/prodigy-mttrans/log/eval_TRANS_T08_A05_I1_EXCL_election2020_to_election2020_pl_3shot_01_09_2026_01_21_22,0.90225,0.970954125,0.90525,0.9710940000000001
0.8,0.5,1,election2020,facebook_page_reference,/dataMeR1/phil/gfm/prodigy-mttrans/log/eval_TRANS_T08_A05_I1_EXCL_election2020_to_facebook_page_reference_pl_3shot_01_09_2026_01_22_00,0.11627916666666667,0.7279336666576869,0.1144875,0.7250178201688219
0.8,0.5,1,election2020,twibot20,/dataMeR1/phil/gfm/prodigy-mttrans/log/eval_TRANS_T08_A05_I1_EXCL_election2020_to_twibot20_pl_3shot_01_09_2026_01_22_01,0.7191458333333334,0.8003356996527778,0.7097916666666667,0.7892398246527778
0.8,0.5,1,election2020,ukr_rus_suspended,/dataMeR1/phil/gfm/prodigy-mttrans/log/eval_TRANS_T08_A05_I1_EXCL_election2020_to_ukr_rus_suspended_pl_3shot_01_09_2026_01_24_27,0.54175,0.562996375,0.5415,0.55932375
0.8,0.5,1,facebook_page_reference,covid_political,/dataMeR1/phil/gfm/prodigy-mttrans/log/eval_TRANS_T08_A05_I1_EXCL_facebook_page_reference_to_covid_political_pl_3shot_01_09_2026_01_21_22,0.90775,0.9570911796875,0.9051041666666667,0.9541119956597222
0.8,0.5,1,facebook_page_reference,election2020,/dataMeR1/phil/gfm/prodigy-mttrans/log/eval_TRANS_T08_A05_I1_EXCL_facebook_page_reference_to_election2020_pl_3shot_01_09_2026_01_21_22,0.9735,0.989920875,0.976,0.988355125
0.8,0.5,1,facebook_page_reference,facebook_page_reference,/dataMeR1/phil/gfm/prodigy-mttrans/log/eval_TRANS_T08_A05_I1_EXCL_facebook_page_reference_to_facebook_page_reference_pl_3shot_01_09_2026_01_22_09,0.053429166666666666,0.5528883740122127,0.05155,0.55430501640625
0.8,0.5,1,facebook_page_reference,twibot20,/dataMeR1/phil/gfm/prodigy-mttrans/log/eval_TRANS_T08_A05_I1_EXCL_facebook_page_reference_to_twibot20_pl_3shot_01_09_2026_01_22_12,0.7293958333333334,0.8082661128472222,0.7206041666666667,0.8032283715277778
0.8,0.5,1,facebook_page_reference,ukr_rus_suspended,/dataMeR1/phil/gfm/prodigy-mttrans/log/eval_TRANS_T08_A05_I1_EXCL_facebook_page_reference_to_ukr_rus_suspended_pl_3shot_01_09_2026_01_24_37,0.56825,0.58297025,0.554,0.573332875
0.8,0.5,1,twibot20,covid_political,/dataMeR1/phil/gfm/prodigy-mttrans/log/eval_TRANS_T08_A05_I1_EXCL_twibot20_to_covid_political_pl_3shot_01_09_2026_01_21_22,0.8977291666666667,0.9535091814236111,0.8956875,0.9485287526041666
0.8,0.5,1,twibot20,election2020,/dataMeR1/phil/gfm/prodigy-mttrans/log/eval_TRANS_T08_A05_I1_EXCL_twibot20_to_election2020_pl_3shot_01_09_2026_01_21_23,0.97475,0.9912622499999999,0.976,0.9894367500000001
0.8,0.5,1,twibot20,facebook_page_reference,/dataMeR1/phil/gfm/prodigy-mttrans/log/eval_TRANS_T08_A05_I1_EXCL_twibot20_to_facebook_page_reference_pl_3shot_01_09_2026_01_21_57,0.12017083333333334,0.732841447898707,0.1196,0.7307435083153736
0.8,0.5,1,twibot20,twibot20,/dataMeR1/phil/gfm/prodigy-mttrans/log/eval_TRANS_T08_A05_I1_EXCL_twibot20_to_twibot20_pl_3shot_01_09_2026_01_22_00,0.6499375,0.6969277282986112,0.6343125,0.678447693576389
0.8,0.5,1,twibot20,ukr_rus_suspended,/dataMeR1/phil/gfm/prodigy-mttrans/log/eval_TRANS_T08_A05_I1_EXCL_twibot20_to_ukr_rus_suspended_pl_3shot_01_09_2026_01_24_24,0.547,0.58348075,0.55,0.579618
0.8,0.5,1,ukr_rus_suspended,covid_political,/dataMeR1/phil/gfm/prodigy-mttrans/log/eval_TRANS_T08_A05_I1_EXCL_ukr_rus_suspended_to_covid_political_pl_3shot_01_09_2026_01_21_22,0.9010833333333333,0.9531211336805556,0.8957291666666667,0.9480108758680557
0.8,0.5,1,ukr_rus_suspended,election2020,/dataMeR1/phil/gfm/prodigy-mttrans/log/eval_TRANS_T08_A05_I1_EXCL_ukr_rus_suspended_to_election2020_pl_3shot_01_09_2026_01_21_20,0.97075,0.9900527500000001,0.97025,0.9888605
0.8,0.5,1,ukr_rus_suspended,facebook_page_reference,/dataMeR1/phil/gfm/prodigy-mttrans/log/eval_TRANS_T08_A05_I1_EXCL_ukr_rus_suspended_to_facebook_page_reference_pl_3shot_01_09_2026_01_22_12,0.14817083333333333,0.7523964260237068,0.14567916666666667,0.7482683292923851
0.8,0.5,1,ukr_rus_suspended,twibot20,/dataMeR1/phil/gfm/prodigy-mttrans/log/eval_TRANS_T08_A05_I1_EXCL_ukr_rus_suspended_to_twibot20_pl_3shot_01_09_2026_01_22_12,0.7141041666666667,0.8050160546875,0.7076666666666667,0.8040873845486112
0.8,0.5,1,ukr_rus_suspended,ukr_rus_suspended,/dataMeR1/phil/gfm/prodigy-mttrans/log/eval_TRANS_T08_A05_I1_EXCL_ukr_rus_suspended_to_ukr_rus_suspended_pl_3shot_01_09_2026_01_24_39,0.5165,0.5156205,0.5,0.497340375
0.9,0.25,1,covid_political,covid_political,/dataMeR1/phil/gfm/prodigy-mttrans/log/eval_TRANS_T09_A025_I1_EXCL_covid_political_to_covid_political_pl_3shot_01_09_2026_01_25_12,0.865125,0.9252267300347222,0.8621875,0.917008287326389
0.9,0.25,1,covid_political,election2020,/dataMeR1/phil/gfm/prodigy-mttrans/log/eval_TRANS_T09_A025_I1_EXCL_covid_political_to_election2020_pl_3shot_01_09_2026_01_25_12,0.97575,0.9905277499999999,0.976,0.9880087500000001
0.9,0.25,1,covid_political,facebook_page_reference,/dataMeR1/phil/gfm/prodigy-mttrans/log/eval_TRANS_T09_A025_I1_EXCL_covid_political_to_facebook_page_reference_pl_3shot_01_09_2026_01_26_00,0.12528333333333333,0.7364742686332614,0.12485833333333334,0.7353989670887214
0.9,0.25,1,covid_political,twibot20,/dataMeR1/phil/gfm/prodigy-mttrans/log/eval_TRANS_T09_A025_I1_EXCL_covid_political_to_twibot20_pl_3shot_01_09_2026_01_26_02,0.74325,0.8188915703124999,0.7284583333333333,0.8136445755208334
0.9,0.25,1,covid_political,ukr_rus_suspended,/dataMeR1/phil/gfm/prodigy-mttrans/log/eval_TRANS_T09_A025_I1_EXCL_covid_political_to_ukr_rus_suspended_pl_3shot_01_09_2026_01_28_25,0.56025,0.5812710000000001,0.55225,0.56200125
0.9,0.25,1,election2020,covid_political,/dataMeR1/phil/gfm/prodigy-mttrans/log/eval_TRANS_T09_A025_I1_EXCL_election2020_to_covid_political_pl_3shot_01_09_2026_01_25_12,0.8895833333333333,0.9485493342013889,0.8850208333333334,0.9421905494791666
0.9,0.25,1,election2020,election2020,/dataMeR1/phil/gfm/prodigy-mttrans/log/eval_TRANS_T09_A025_I1_EXCL_election2020_to_election2020_pl_3shot_01_09_2026_01_25_12,0.956,0.98205925,0.9585,0.9826225000000001
0.9,0.25,1,election2020,facebook_page_reference,/dataMeR1/phil/gfm/prodigy-mttrans/log/eval_TRANS_T09_A025_I1_EXCL_election2020_to_facebook_page_reference_pl_3shot_01_09_2026_01_25_52,0.11627916666666667,0.7279336677262932,0.1144875,0.7250178190822559
0.9,0.25,1,election2020,twibot20,/dataMeR1/phil/gfm/prodigy-mttrans/log/eval_TRANS_T09_A025_I1_EXCL_election2020_to_twibot20_pl_3shot_01_09_2026_01_25_51,0.7308333333333333,0.8091837326388889,0.7280833333333333,0.8007516623263888
0.9,0.25,1,election2020,ukr_rus_suspended,/dataMeR1/phil/gfm/prodigy-mttrans/log/eval_TRANS_T09_A025_I1_EXCL_election2020_to_ukr_rus_suspended_pl_3shot_01_09_2026_01_28_21,0.54175,0.562995875,0.5415,0.559324
0.9,0.25,1,facebook_page_reference,covid_political,/dataMeR1/phil/gfm/prodigy-mttrans/log/eval_TRANS_T09_A025_I1_EXCL_facebook_page_reference_to_covid_political_pl_3shot_01_09_2026_01_25_12,0.9086041666666667,0.9568438576388889,0.9055625,0.9537976692708334
0.9,0.25,1,facebook_page_reference,election2020,/dataMeR1/phil/gfm/prodigy-mttrans/log/eval_TRANS_T09_A025_I1_EXCL_facebook_page_reference_to_election2020_pl_3shot_01_09_2026_01_25_12,0.979,0.9897868750000001,0.9785,0.9887779999999999
0.9,0.25,1,facebook_page_reference,facebook_page_reference,/dataMeR1/phil/gfm/prodigy-mttrans/log/eval_TRANS_T09_A025_I1_EXCL_facebook_page_reference_to_facebook_page_reference_pl_3shot_01_09_2026_01_26_03,0.053429166666666666,0.5528883718839798,0.05155,0.554305016172773
0.9,0.25,1,facebook_page_reference,twibot20,/dataMeR1/phil/gfm/prodigy-mttrans/log/eval_TRANS_T09_A025_I1_EXCL_facebook_page_reference_to_twibot20_pl_3shot_01_09_2026_01_26_03,0.7371875,0.8117308880208333,0.7288958333333333,0.8068822960069444
0.9,0.25,1,facebook_page_reference,ukr_rus_suspended,/dataMeR1/phil/gfm/prodigy-mttrans/log/eval_TRANS_T09_A025_I1_EXCL_facebook_page_reference_to_ukr_rus_suspended_pl_3shot_01_09_2026_01_28_28,0.56825,0.582970375,0.554,0.573333875
0.9,0.25,1,twibot20,covid_political,/dataMeR1/phil/gfm/prodigy-mttrans/log/eval_TRANS_T09_A025_I1_EXCL_twibot20_to_covid_political_pl_3shot_01_09_2026_01_25_12,0.898,0.9536270399305555,0.8953958333333333,0.9485073776041668
0.9,0.25,1,twibot20,election2020,/dataMeR1/phil/gfm/prodigy-mttrans/log/eval_TRANS_T09_A025_I1_EXCL_twibot20_to_election2020_pl_3shot_01_09_2026_01_25_11,0.97925,0.9909965,0.9785,0.98952825
0.9,0.25,1,twibot20,facebook_page_reference,/dataMeR1/phil/gfm/prodigy-mttrans/log/eval_TRANS_T09_A025_I1_EXCL_twibot20_to_facebook_page_reference_pl_3shot_01_09_2026_01_25_51,0.12017083333333334,0.7328414494881466,0.1196,0.7307435063218393
0.9,0.25,1,twibot20,twibot20,/dataMeR1/phil/gfm/prodigy-mttrans/log/eval_TRANS_T09_A025_I1_EXCL_twibot20_to_twibot20_pl_3shot_01_09_2026_01_25_51,0.646125,0.6854004270833334,0.6301875,0.6684281128472223
0.9,0.25,1,twibot20,ukr_rus_suspended,/dataMeR1/phil/gfm/prodigy-mttrans/log/eval_TRANS_T09_A025_I1_EXCL_twibot20_to_ukr_rus_suspended_pl_3shot_01_09_2026_01_28_19,0.547,0.5834807500000001,0.55025,0.5798965
0.9,0.25,1,ukr_rus_suspended,covid_political,/dataMeR1/phil/gfm/prodigy-mttrans/log/eval_TRANS_T09_A025_I1_EXCL_ukr_rus_suspended_to_covid_political_pl_3shot_01_09_2026_01_25_10,0.8989791666666667,0.9522804270833333,0.8932291666666666,0.946949845486111
0.9,0.25,1,ukr_rus_suspended,election2020,/dataMeR1/phil/gfm/prodigy-mttrans/log/eval_TRANS_T09_A025_I1_EXCL_ukr_rus_suspended_to_election2020_pl_3shot_01_09_2026_01_25_11,0.978,0.990260375,0.97725,0.9896035000000001
0.9,0.25,1,ukr_rus_suspended,facebook_page_reference,/dataMeR1/phil/gfm/prodigy-mttrans/log/eval_TRANS_T09_A025_I1_EXCL_ukr_rus_suspended_to_facebook_page_reference_pl_3shot_01_09_2026_01_25_56,0.14816666666666667,0.7524120597252154,0.14567916666666667,0.7482683283405173
0.9,0.25,1,ukr_rus_suspended,twibot20,/dataMeR1/phil/gfm/prodigy-mttrans/log/eval_TRANS_T09_A025_I1_EXCL_ukr_rus_suspended_to_twibot20_pl_3shot_01_09_2026_01_26_02,0.7304166666666667,0.8089268359375,0.7302916666666667,0.8124402005208333
0.9,0.25,1,ukr_rus_suspended,ukr_rus_suspended,/dataMeR1/phil/gfm/prodigy-mttrans/log/eval_TRANS_T09_A025_I1_EXCL_ukr_rus_suspended_to_ukr_rus_suspended_pl_3shot_01_09_2026_01_28_23,0.51375,0.515901875,0.502,0.49859175
0.9,0.5,1,covid_political,covid_political,/dataMeR1/phil/gfm/prodigy-mttrans/log/eval_TRANS_T09_A05_I1_EXCL_covid_political_to_covid_political_pl_3shot_01_09_2026_01_28_59,0.8668333333333333,0.9263351484375,0.863625,0.9181358949652778
0.9,0.5,1,covid_political,election2020,/dataMeR1/phil/gfm/prodigy-mttrans/log/eval_TRANS_T09_A05_I1_EXCL_covid_political_to_election2020_pl_3shot_01_09_2026_01_28_59,0.97,0.990648375,0.971,0.987539375
0.9,0.5,1,covid_political,facebook_page_reference,/dataMeR1/phil/gfm/prodigy-mttrans/log/eval_TRANS_T09_A05_I1_EXCL_covid_political_to_facebook_page_reference_pl_3shot_01_09_2026_01_29_49,0.12528333333333333,0.7364742653556033,0.12486666666666667,0.7353989644845546
0.9,0.5,1,covid_political,twibot20,/dataMeR1/phil/gfm/prodigy-mttrans/log/eval_TRANS_T09_A05_I1_EXCL_covid_political_to_twibot20_pl_3shot_01_09_2026_01_29_49,0.7407708333333334,0.8136932725694446,0.7272291666666667,0.8098089366319445
0.9,0.5,1,covid_political,ukr_rus_suspended,/dataMeR1/phil/gfm/prodigy-mttrans/log/eval_TRANS_T09_A05_I1_EXCL_covid_political_to_ukr_rus_suspended_pl_3shot_01_09_2026_01_32_16,0.56025,0.5812701250000001,0.55225,0.56200075
0.9,0.5,1,election2020,covid_political,/dataMeR1/phil/gfm/prodigy-mttrans/log/eval_TRANS_T09_A05_I1_EXCL_election2020_to_covid_political_pl_3shot_01_09_2026_01_28_59,0.88975,0.9481557647569444,0.8854166666666666,0.9421394565972221
0.9,0.5,1,election2020,election2020,/dataMeR1/phil/gfm/prodigy-mttrans/log/eval_TRANS_T09_A05_I1_EXCL_election2020_to_election2020_pl_3shot_01_09_2026_01_28_59,0.931,0.9694840000000001,0.93,0.970061625
0.9,0.5,1,election2020,facebook_page_reference,/dataMeR1/phil/gfm/prodigy-mttrans/log/eval_TRANS_T09_A05_I1_EXCL_election2020_to_facebook_page_reference_pl_3shot_01_09_2026_01_29_37,0.11627916666666667,0.7279336673581179,0.1144875,0.7250178156339799
0.9,0.5,1,election2020,twibot20,/dataMeR1/phil/gfm/prodigy-mttrans/log/eval_TRANS_T09_A05_I1_EXCL_election2020_to_twibot20_pl_3shot_01_09_2026_01_29_37,0.728625,0.8019551961805556,0.7244166666666667,0.7941127387152777
0.9,0.5,1,election2020,ukr_rus_suspended,/dataMeR1/phil/gfm/prodigy-mttrans/log/eval_TRANS_T09_A05_I1_EXCL_election2020_to_ukr_rus_suspended_pl_3shot_01_09_2026_01_32_04,0.54175,0.5629962500000001,0.5415,0.5593245
0.9,0.5,1,facebook_page_reference,covid_political,/dataMeR1/phil/gfm/prodigy-mttrans/log/eval_TRANS_T09_A05_I1_EXCL_facebook_page_reference_to_covid_political_pl_3shot_01_09_2026_01_28_57,0.9077916666666667,0.9571868541666666,0.9050625,0.9541285078124999
0.9,0.5,1,facebook_page_reference,election2020,/dataMeR1/phil/gfm/prodigy-mttrans/log/eval_TRANS_T09_A05_I1_EXCL_facebook_page_reference_to_election2020_pl_3shot_01_09_2026_01_28_57,0.97425,0.9893158750000001,0.976,0.987661
0.9,0.5,1,facebook_page_reference,facebook_page_reference,/dataMeR1/phil/gfm/prodigy-mttrans/log/eval_TRANS_T09_A05_I1_EXCL_facebook_page_reference_to_facebook_page_reference_pl_3shot_01_09_2026_01_29_44,0.053429166666666666,0.552888369782687,0.05155,0.554305013981681
0.9,0.5,1,facebook_page_reference,twibot20,/dataMeR1/phil/gfm/prodigy-mttrans/log/eval_TRANS_T09_A05_I1_EXCL_facebook_page_reference_to_twibot20_pl_3shot_01_09_2026_01_29_44,0.7312708333333333,0.8037469887152777,0.7238125,0.8000656987847222
0.9,0.5,1,facebook_page_reference,ukr_rus_suspended,/dataMeR1/phil/gfm/prodigy-mttrans/log/eval_TRANS_T09_A05_I1_EXCL_facebook_page_reference_to_ukr_rus_suspended_pl_3shot_01_09_2026_01_32_13,0.56825,0.5829707500000001,0.554,0.5733336250000001
0.9,0.5,1,twibot20,covid_political,/dataMeR1/phil/gfm/prodigy-mttrans/log/eval_TRANS_T09_A05_I1_EXCL_twibot20_to_covid_political_pl_3shot_01_09_2026_01_28_57,0.897375,0.953341959201389,0.8947708333333333,0.9483234791666668
0.9,0.5,1,twibot20,election2020,/dataMeR1/phil/gfm/prodigy-mttrans/log/eval_TRANS_T09_A05_I1_EXCL_twibot20_to_election2020_pl_3shot_01_09_2026_01_28_59,0.97375,0.9911070000000001,0.976,0.9892970000000001
0.9,0.5,1,twibot20,facebook_page_reference,/dataMeR1/phil/gfm/prodigy-mttrans/log/eval_TRANS_T09_A05_I1_EXCL_twibot20_to_facebook_page_reference_pl_3shot_01_09_2026_01_29_34,0.12017083333333334,0.7328414504489943,0.1196,0.7307435069145117
0.9,0.5,1,twibot20,twibot20,/dataMeR1/phil/gfm/prodigy-mttrans/log/eval_TRANS_T09_A05_I1_EXCL_twibot20_to_twibot20_pl_3shot_01_09_2026_01_29_37,0.6469791666666667,0.6816933072916667,0.6305416666666667,0.6646963680555557
0.9,0.5,1,twibot20,ukr_rus_suspended,/dataMeR1/phil/gfm/prodigy-mttrans/log/eval_TRANS_T09_A05_I1_EXCL_twibot20_to_ukr_rus_suspended_pl_3shot_01_09_2026_01_32_05,0.547,0.5834803749999999,0.55025,0.579896875
0.9,0.5,1,ukr_rus_suspended,covid_political,/dataMeR1/phil/gfm/prodigy-mttrans/log/eval_TRANS_T09_A05_I1_EXCL_ukr_rus_suspended_to_covid_political_pl_3shot_01_09_2026_01_28_59,0.9006875,0.9530106892361113,0.8956458333333334,0.9478113602430555
0.9,0.5,1,ukr_rus_suspended,election2020,/dataMeR1/phil/gfm/prodigy-mttrans/log/eval_TRANS_T09_A05_I1_EXCL_ukr_rus_suspended_to_election2020_pl_3shot_01_09_2026_01_28_59,0.97175,0.9897875,0.97025,0.988495
0.9,0.5,1,ukr_rus_suspended,facebook_page_reference,/dataMeR1/phil/gfm/prodigy-mttrans/log/eval_TRANS_T09_A05_I1_EXCL_ukr_rus_suspended_to_facebook_page_reference_pl_3shot_01_09_2026_01_29_48,0.14816666666666667,0.7524120582255746,0.14567916666666667,0.7482683294989224
0.9,0.5,1,ukr_rus_suspended,twibot20,/dataMeR1/phil/gfm/prodigy-mttrans/log/eval_TRANS_T09_A05_I1_EXCL_ukr_rus_suspended_to_twibot20_pl_3shot_01_09_2026_01_29_49,0.7239166666666667,0.7945936232638889,0.7231875,0.7989141805555555
0.9,0.5,1,ukr_rus_suspended,ukr_rus_suspended,/dataMeR1/phil/gfm/prodigy-mttrans/log/eval_TRANS_T09_A05_I1_EXCL_ukr_rus_suspended_to_ukr_rus_suspended_pl_3shot_01_09_2026_01_32_15,0.515,0.514995875,0.50025,0.498086375
