target	cell_count	episode_count_per_cell	episode_plan_fingerprint	observed_episode_fingerprint
ukr_rus	93	512	c7161b74e2e7b97ecb2e65e6cea6bffb594aee907cac538849fdbcb8a8d7f49c	3bb76f47d0a9d90b0d8e9f369e97eb4f0eac58f17cb53f519ffca5b7627a5529
covid	93	512	58c9ae1cdca9fe2f19eec997579ac45b29f43f50ecb804d85b0503ed5a670c8d	df7eea1b7e3d6715827a53dcc6e821d1e1c1c5661083553d00420be76d4eeb15
midterm	93	512	661e8ff3189cc6b18a5657b2877902d0c3438dcc0627d66b15d63ed8fdb95d9a	b8ec4aed98688ec14461a5815b4db7523eef92bb3f25e9c2fb1ebe86ac374a9e
covid_political	93	512	4347a4089422fe620471e80f8098b3cd7635a4b53167a0f3dd3d513f6a999f93	237208e63d8b0b13e77942c576d799a46e2cb490c7af658113dc8cdfb997251c
election2020	93	512	fc7627f954ff611634625ace30e7055aa270bc93a00920ac08663636e28ef052	c9d247d9d3ed600eb414762d1340d07eba89bfb2ba7b85c49018c5d4a0f553f9
ukr_rus_suspended	93	512	d33b2f239ca403799d2412c9794195cb6da0c1c882d00856b9c42309c2e0e918	7f8cc9b39c9cd09cd889e3b0107bd390f8ad622d8825be5634eba2533dffaa70
twibot20	93	512	182005c0dfc361a11854cd27008e6fb2dbda3ea4c86ef76401374ebc382ce8f9	1d6d65fb5b702c0331d7b7f31bb8ad190bf7ffd97b7768d1c0d244f68c699ae0
cp_hk	93	512	bc07d99d2be2f45e4eff024dbbf6f34fa1548c3b217b30488d92759c7cbd5763	d534fcf92151230ef5a9b828123779bd797bdba3b93fdc8091500dcdbc4956e1
facebook_page_reference	93	512	953c6b541994784604b966c0ae43526c6fe27809f5763c152c45738c318924bc	25535a2d58279616f6d483b560a5c5ebbe50381842e60377b09bb6aa5436b280
