seed	source	target	accuracy	f1_macro	roc_auc_ovr_macro	checkpoint_step	episode_count	episode_plan_fingerprint	observed_episode_fingerprint
0	covid	covid	0.5807942708333333	0.5807533255496373	0.9654021430289609	2500	512	58c9ae1cdca9fe2f19eec997579ac45b29f43f50ecb804d85b0503ed5a670c8d	df7eea1b7e3d6715827a53dcc6e821d1e1c1c5661083553d00420be76d4eeb15
0	covid	covid_political	0.14599609375	0.14598653844040826	0.8347613955366201	2500	512	4347a4089422fe620471e80f8098b3cd7635a4b53167a0f3dd3d513f6a999f93	237208e63d8b0b13e77942c576d799a46e2cb490c7af658113dc8cdfb997251c
0	covid	cp_hk	0.11619466145833333	0.1161409248724893	0.7119141652666288	2500	512	bc07d99d2be2f45e4eff024dbbf6f34fa1548c3b217b30488d92759c7cbd5763	d534fcf92151230ef5a9b828123779bd797bdba3b93fdc8091500dcdbc4956e1
0	covid	election2020	0.14519856770833334	0.1451809069752447	0.8370253521820594	2500	512	fc7627f954ff611634625ace30e7055aa270bc93a00920ac08663636e28ef052	c9d247d9d3ed600eb414762d1340d07eba89bfb2ba7b85c49018c5d4a0f553f9
0	covid	facebook_page_reference	0.27996419270833334	0.2798901049599031	0.8340093752433513	2500	512	953c6b541994784604b966c0ae43526c6fe27809f5763c152c45738c318924bc	25535a2d58279616f6d483b560a5c5ebbe50381842e60377b09bb6aa5436b280
0	covid	midterm	0.214697265625	0.21468959601948548	0.846854570679281	2500	512	661e8ff3189cc6b18a5657b2877902d0c3438dcc0627d66b15d63ed8fdb95d9a	b8ec4aed98688ec14461a5815b4db7523eef92bb3f25e9c2fb1ebe86ac374a9e
0	covid	twibot20	0.31061197916666666	0.3105548602955339	0.904076775463148	2500	512	182005c0dfc361a11854cd27008e6fb2dbda3ea4c86ef76401374ebc382ce8f9	1d6d65fb5b702c0331d7b7f31bb8ad190bf7ffd97b7768d1c0d244f68c699ae0
0	covid	ukr_rus	0.38409830729166666	0.3840433786038013	0.8920421153649517	2500	512	c7161b74e2e7b97ecb2e65e6cea6bffb594aee907cac538849fdbcb8a8d7f49c	3bb76f47d0a9d90b0d8e9f369e97eb4f0eac58f17cb53f519ffca5b7627a5529
0	covid	ukr_rus_suspended	0.179052734375	0.1789764711886098	0.8194536350239282	2500	512	d33b2f239ca403799d2412c9794195cb6da0c1c882d00856b9c42309c2e0e918	7f8cc9b39c9cd09cd889e3b0107bd390f8ad622d8825be5634eba2533dffaa70
0	covid_political	covid	0.150390625	0.15033088503123127	0.7572625489070498	2500	512	58c9ae1cdca9fe2f19eec997579ac45b29f43f50ecb804d85b0503ed5a670c8d	df7eea1b7e3d6715827a53dcc6e821d1e1c1c5661083553d00420be76d4eeb15
0	covid_political	covid_political	0.19327799479166666	0.1932700339224269	0.866629656841015	2500	512	4347a4089422fe620471e80f8098b3cd7635a4b53167a0f3dd3d513f6a999f93	237208e63d8b0b13e77942c576d799a46e2cb490c7af658113dc8cdfb997251c
0	covid_political	cp_hk	0.059244791666666664	0.05923554153980755	0.5828558856043323	2500	512	bc07d99d2be2f45e4eff024dbbf6f34fa1548c3b217b30488d92759c7cbd5763	d534fcf92151230ef5a9b828123779bd797bdba3b93fdc8091500dcdbc4956e1
0	covid_political	election2020	0.11173502604166667	0.1117342878070506	0.7844741262238603	2500	512	fc7627f954ff611634625ace30e7055aa270bc93a00920ac08663636e28ef052	c9d247d9d3ed600eb414762d1340d07eba89bfb2ba7b85c49018c5d4a0f553f9
0	covid_political	facebook_page_reference	0.09910481770833333	0.0990076487515362	0.6487309179086795	2500	512	953c6b541994784604b966c0ae43526c6fe27809f5763c152c45738c318924bc	25535a2d58279616f6d483b560a5c5ebbe50381842e60377b09bb6aa5436b280
0	covid_political	midterm	0.095947265625	0.09593910203514237	0.6839658881055897	2500	512	661e8ff3189cc6b18a5657b2877902d0c3438dcc0627d66b15d63ed8fdb95d9a	b8ec4aed98688ec14461a5815b4db7523eef92bb3f25e9c2fb1ebe86ac374a9e
0	covid_political	twibot20	0.12599283854166668	0.12588924529932458	0.7483765156789759	2500	512	182005c0dfc361a11854cd27008e6fb2dbda3ea4c86ef76401374ebc382ce8f9	1d6d65fb5b702c0331d7b7f31bb8ad190bf7ffd97b7768d1c0d244f68c699ae0
0	covid_political	ukr_rus	0.10677083333333333	0.106711320428902	0.6741716600012503	2500	512	c7161b74e2e7b97ecb2e65e6cea6bffb594aee907cac538849fdbcb8a8d7f49c	3bb76f47d0a9d90b0d8e9f369e97eb4f0eac58f17cb53f519ffca5b7627a5529
0	covid_political	ukr_rus_suspended	0.08024088541666667	0.08023644231939628	0.65461685643799	2500	512	d33b2f239ca403799d2412c9794195cb6da0c1c882d00856b9c42309c2e0e918	7f8cc9b39c9cd09cd889e3b0107bd390f8ad622d8825be5634eba2533dffaa70
0	cp_hk	covid	0.265380859375	0.26532036636681444	0.8579595395888406	2500	512	58c9ae1cdca9fe2f19eec997579ac45b29f43f50ecb804d85b0503ed5a670c8d	df7eea1b7e3d6715827a53dcc6e821d1e1c1c5661083553d00420be76d4eeb15
0	cp_hk	covid_political	0.10135091145833333	0.10132578433073054	0.7232029624368952	2500	512	4347a4089422fe620471e80f8098b3cd7635a4b53167a0f3dd3d513f6a999f93	237208e63d8b0b13e77942c576d799a46e2cb490c7af658113dc8cdfb997251c
0	cp_hk	cp_hk	0.17862955729166666	0.17863571268131792	0.8083824756501734	2500	512	bc07d99d2be2f45e4eff024dbbf6f34fa1548c3b217b30488d92759c7cbd5763	d534fcf92151230ef5a9b828123779bd797bdba3b93fdc8091500dcdbc4956e1
0	cp_hk	election2020	0.10305989583333333	0.10298448847041679	0.7164507767249798	2500	512	fc7627f954ff611634625ace30e7055aa270bc93a00920ac08663636e28ef052	c9d247d9d3ed600eb414762d1340d07eba89bfb2ba7b85c49018c5d4a0f553f9
0	cp_hk	facebook_page_reference	0.16756184895833334	0.16753383150955972	0.7537059468784552	2500	512	953c6b541994784604b966c0ae43526c6fe27809f5763c152c45738c318924bc	25535a2d58279616f6d483b560a5c5ebbe50381842e60377b09bb6aa5436b280
0	cp_hk	midterm	0.16336263020833333	0.16332840693897918	0.8197986686366726	2500	512	661e8ff3189cc6b18a5657b2877902d0c3438dcc0627d66b15d63ed8fdb95d9a	b8ec4aed98688ec14461a5815b4db7523eef92bb3f25e9c2fb1ebe86ac374a9e
0	cp_hk	twibot20	0.15730794270833334	0.15725645624556245	0.7739400707442186	2500	512	182005c0dfc361a11854cd27008e6fb2dbda3ea4c86ef76401374ebc382ce8f9	1d6d65fb5b702c0331d7b7f31bb8ad190bf7ffd97b7768d1c0d244f68c699ae0
0	cp_hk	ukr_rus	0.18151041666666667	0.18153871375226507	0.7725428492173382	2500	512	c7161b74e2e7b97ecb2e65e6cea6bffb594aee907cac538849fdbcb8a8d7f49c	3bb76f47d0a9d90b0d8e9f369e97eb4f0eac58f17cb53f519ffca5b7627a5529
0	cp_hk	ukr_rus_suspended	0.104833984375	0.10481394294945472	0.7177245593619072	2500	512	d33b2f239ca403799d2412c9794195cb6da0c1c882d00856b9c42309c2e0e918	7f8cc9b39c9cd09cd889e3b0107bd390f8ad622d8825be5634eba2533dffaa70
0	election2020	covid	0.15519205729166666	0.15503616484783805	0.7693278942985096	2500	512	58c9ae1cdca9fe2f19eec997579ac45b29f43f50ecb804d85b0503ed5a670c8d	df7eea1b7e3d6715827a53dcc6e821d1e1c1c5661083553d00420be76d4eeb15
0	election2020	covid_political	0.13269856770833333	0.13259294169421798	0.8249221360546418	2500	512	4347a4089422fe620471e80f8098b3cd7635a4b53167a0f3dd3d513f6a999f93	237208e63d8b0b13e77942c576d799a46e2cb490c7af658113dc8cdfb997251c
0	election2020	cp_hk	0.06676432291666666	0.06661325458341201	0.6497801865654431	2500	512	bc07d99d2be2f45e4eff024dbbf6f34fa1548c3b217b30488d92759c7cbd5763	d534fcf92151230ef5a9b828123779bd797bdba3b93fdc8091500dcdbc4956e1
0	election2020	election2020	0.235595703125	0.23556426183570675	0.8899206362921616	2500	512	fc7627f954ff611634625ace30e7055aa270bc93a00920ac08663636e28ef052	c9d247d9d3ed600eb414762d1340d07eba89bfb2ba7b85c49018c5d4a0f553f9
0	election2020	facebook_page_reference	0.10091145833333333	0.10078164989451503	0.6703582662275468	2500	512	953c6b541994784604b966c0ae43526c6fe27809f5763c152c45738c318924bc	25535a2d58279616f6d483b560a5c5ebbe50381842e60377b09bb6aa5436b280
0	election2020	midterm	0.13011067708333332	0.13007493489644034	0.77033206443677	2500	512	661e8ff3189cc6b18a5657b2877902d0c3438dcc0627d66b15d63ed8fdb95d9a	b8ec4aed98688ec14461a5815b4db7523eef92bb3f25e9c2fb1ebe86ac374a9e
0	election2020	twibot20	0.15100911458333333	0.1508910119100363	0.8080625671079791	2500	512	182005c0dfc361a11854cd27008e6fb2dbda3ea4c86ef76401374ebc382ce8f9	1d6d65fb5b702c0331d7b7f31bb8ad190bf7ffd97b7768d1c0d244f68c699ae0
0	election2020	ukr_rus	0.1126953125	0.11254007782362746	0.7085005339534802	2500	512	c7161b74e2e7b97ecb2e65e6cea6bffb594aee907cac538849fdbcb8a8d7f49c	3bb76f47d0a9d90b0d8e9f369e97eb4f0eac58f17cb53f519ffca5b7627a5529
0	election2020	ukr_rus_suspended	0.09573567708333333	0.09556908313212581	0.7450207475958199	2500	512	d33b2f239ca403799d2412c9794195cb6da0c1c882d00856b9c42309c2e0e918	7f8cc9b39c9cd09cd889e3b0107bd390f8ad622d8825be5634eba2533dffaa70
0	facebook_page_reference	covid	0.3162109375	0.316220320683947	0.8533411356224412	2500	512	58c9ae1cdca9fe2f19eec997579ac45b29f43f50ecb804d85b0503ed5a670c8d	df7eea1b7e3d6715827a53dcc6e821d1e1c1c5661083553d00420be76d4eeb15
0	facebook_page_reference	covid_political	0.11414388020833334	0.1140793660200712	0.7570554940179848	2500	512	4347a4089422fe620471e80f8098b3cd7635a4b53167a0f3dd3d513f6a999f93	237208e63d8b0b13e77942c576d799a46e2cb490c7af658113dc8cdfb997251c
0	facebook_page_reference	cp_hk	0.07781575520833334	0.07780888373305347	0.6645888532715283	2500	512	bc07d99d2be2f45e4eff024dbbf6f34fa1548c3b217b30488d92759c7cbd5763	d534fcf92151230ef5a9b828123779bd797bdba3b93fdc8091500dcdbc4956e1
0	facebook_page_reference	election2020	0.11848958333333333	0.1184639755445718	0.7958711398058924	2500	512	fc7627f954ff611634625ace30e7055aa270bc93a00920ac08663636e28ef052	c9d247d9d3ed600eb414762d1340d07eba89bfb2ba7b85c49018c5d4a0f553f9
0	facebook_page_reference	facebook_page_reference	0.2720865885416667	0.27210285785939514	0.8162112660791683	2500	512	953c6b541994784604b966c0ae43526c6fe27809f5763c152c45738c318924bc	25535a2d58279616f6d483b560a5c5ebbe50381842e60377b09bb6aa5436b280
0	facebook_page_reference	midterm	0.13479817708333333	0.1347337652363359	0.7382371555799724	2500	512	661e8ff3189cc6b18a5657b2877902d0c3438dcc0627d66b15d63ed8fdb95d9a	b8ec4aed98688ec14461a5815b4db7523eef92bb3f25e9c2fb1ebe86ac374a9e
0	facebook_page_reference	twibot20	0.18103841145833333	0.18098316492484248	0.7910041451454162	2500	512	182005c0dfc361a11854cd27008e6fb2dbda3ea4c86ef76401374ebc382ce8f9	1d6d65fb5b702c0331d7b7f31bb8ad190bf7ffd97b7768d1c0d244f68c699ae0
0	facebook_page_reference	ukr_rus	0.23527018229166666	0.23527466813521514	0.7928189786001183	2500	512	c7161b74e2e7b97ecb2e65e6cea6bffb594aee907cac538849fdbcb8a8d7f49c	3bb76f47d0a9d90b0d8e9f369e97eb4f0eac58f17cb53f519ffca5b7627a5529
0	facebook_page_reference	ukr_rus_suspended	0.11516927083333334	0.11511154544367179	0.7059709410557801	2500	512	d33b2f239ca403799d2412c9794195cb6da0c1c882d00856b9c42309c2e0e918	7f8cc9b39c9cd09cd889e3b0107bd390f8ad622d8825be5634eba2533dffaa70
0	midterm	covid	0.33811848958333335	0.33803884073072565	0.883788896703172	2500	512	58c9ae1cdca9fe2f19eec997579ac45b29f43f50ecb804d85b0503ed5a670c8d	df7eea1b7e3d6715827a53dcc6e821d1e1c1c5661083553d00420be76d4eeb15
0	midterm	covid_political	0.138623046875	0.13858287771094302	0.8187178062296461	2500	512	4347a4089422fe620471e80f8098b3cd7635a4b53167a0f3dd3d513f6a999f93	237208e63d8b0b13e77942c576d799a46e2cb490c7af658113dc8cdfb997251c
0	midterm	cp_hk	0.102099609375	0.1020869146645372	0.7036213533631686	2500	512	bc07d99d2be2f45e4eff024dbbf6f34fa1548c3b217b30488d92759c7cbd5763	d534fcf92151230ef5a9b828123779bd797bdba3b93fdc8091500dcdbc4956e1
0	midterm	election2020	0.14007161458333334	0.1400013840306328	0.8314811849046028	2500	512	fc7627f954ff611634625ace30e7055aa270bc93a00920ac08663636e28ef052	c9d247d9d3ed600eb414762d1340d07eba89bfb2ba7b85c49018c5d4a0f553f9
0	midterm	facebook_page_reference	0.18662109375	0.18657178850307632	0.7498240122849913	2500	512	953c6b541994784604b966c0ae43526c6fe27809f5763c152c45738c318924bc	25535a2d58279616f6d483b560a5c5ebbe50381842e60377b09bb6aa5436b280
0	midterm	midterm	0.25857747395833336	0.25851479657512255	0.8641285353693469	2500	512	661e8ff3189cc6b18a5657b2877902d0c3438dcc0627d66b15d63ed8fdb95d9a	b8ec4aed98688ec14461a5815b4db7523eef92bb3f25e9c2fb1ebe86ac374a9e
0	midterm	twibot20	0.22986653645833333	0.22984665953336936	0.8578685239813792	2500	512	182005c0dfc361a11854cd27008e6fb2dbda3ea4c86ef76401374ebc382ce8f9	1d6d65fb5b702c0331d7b7f31bb8ad190bf7ffd97b7768d1c0d244f68c699ae0
0	midterm	ukr_rus	0.21995442708333332	0.2198977174690244	0.7980149634953205	2500	512	c7161b74e2e7b97ecb2e65e6cea6bffb594aee907cac538849fdbcb8a8d7f49c	3bb76f47d0a9d90b0d8e9f369e97eb4f0eac58f17cb53f519ffca5b7627a5529
0	midterm	ukr_rus_suspended	0.12835286458333334	0.12833381195513863	0.765137286295836	2500	512	d33b2f239ca403799d2412c9794195cb6da0c1c882d00856b9c42309c2e0e918	7f8cc9b39c9cd09cd889e3b0107bd390f8ad622d8825be5634eba2533dffaa70
0	twibot20	covid	0.488037109375	0.4879551232747168	0.9409130521204279	2500	512	58c9ae1cdca9fe2f19eec997579ac45b29f43f50ecb804d85b0503ed5a670c8d	df7eea1b7e3d6715827a53dcc6e821d1e1c1c5661083553d00420be76d4eeb15
0	twibot20	covid_political	0.14930013020833333	0.1492336287302391	0.829245352608034	2500	512	4347a4089422fe620471e80f8098b3cd7635a4b53167a0f3dd3d513f6a999f93	237208e63d8b0b13e77942c576d799a46e2cb490c7af658113dc8cdfb997251c
0	twibot20	cp_hk	0.10849609375	0.10850815390227644	0.7192512317635547	2500	512	bc07d99d2be2f45e4eff024dbbf6f34fa1548c3b217b30488d92759c7cbd5763	d534fcf92151230ef5a9b828123779bd797bdba3b93fdc8091500dcdbc4956e1
0	twibot20	election2020	0.14959309895833334	0.1495107405386704	0.8410705615734232	2500	512	fc7627f954ff611634625ace30e7055aa270bc93a00920ac08663636e28ef052	c9d247d9d3ed600eb414762d1340d07eba89bfb2ba7b85c49018c5d4a0f553f9
0	twibot20	facebook_page_reference	0.2501302083333333	0.2500926128815766	0.8080495528791142	2500	512	953c6b541994784604b966c0ae43526c6fe27809f5763c152c45738c318924bc	25535a2d58279616f6d483b560a5c5ebbe50381842e60377b09bb6aa5436b280
0	twibot20	midterm	0.20911458333333333	0.20903419882571805	0.8490113705054098	2500	512	661e8ff3189cc6b18a5657b2877902d0c3438dcc0627d66b15d63ed8fdb95d9a	b8ec4aed98688ec14461a5815b4db7523eef92bb3f25e9c2fb1ebe86ac374a9e
0	twibot20	twibot20	0.33251953125	0.33246282024049717	0.9130846601793137	2500	512	182005c0dfc361a11854cd27008e6fb2dbda3ea4c86ef76401374ebc382ce8f9	1d6d65fb5b702c0331d7b7f31bb8ad190bf7ffd97b7768d1c0d244f68c699ae0
0	twibot20	ukr_rus	0.31788736979166665	0.3178601608218743	0.8557163926376693	2500	512	c7161b74e2e7b97ecb2e65e6cea6bffb594aee907cac538849fdbcb8a8d7f49c	3bb76f47d0a9d90b0d8e9f369e97eb4f0eac58f17cb53f519ffca5b7627a5529
0	twibot20	ukr_rus_suspended	0.15164388020833333	0.1515838383189264	0.798255482624317	2500	512	d33b2f239ca403799d2412c9794195cb6da0c1c882d00856b9c42309c2e0e918	7f8cc9b39c9cd09cd889e3b0107bd390f8ad622d8825be5634eba2533dffaa70
0	ukr_rus	covid	0.5533365885416667	0.5533052994717892	0.959857883946649	2500	512	58c9ae1cdca9fe2f19eec997579ac45b29f43f50ecb804d85b0503ed5a670c8d	df7eea1b7e3d6715827a53dcc6e821d1e1c1c5661083553d00420be76d4eeb15
0	ukr_rus	covid_political	0.14073893229166667	0.1407035108500917	0.8324350785935061	2500	512	4347a4089422fe620471e80f8098b3cd7635a4b53167a0f3dd3d513f6a999f93	237208e63d8b0b13e77942c576d799a46e2cb490c7af658113dc8cdfb997251c
0	ukr_rus	cp_hk	0.11681315104166666	0.1167811829530954	0.7141873241841108	2500	512	bc07d99d2be2f45e4eff024dbbf6f34fa1548c3b217b30488d92759c7cbd5763	d534fcf92151230ef5a9b828123779bd797bdba3b93fdc8091500dcdbc4956e1
0	ukr_rus	election2020	0.1482421875	0.14810810726376125	0.8333388860198272	2500	512	fc7627f954ff611634625ace30e7055aa270bc93a00920ac08663636e28ef052	c9d247d9d3ed600eb414762d1340d07eba89bfb2ba7b85c49018c5d4a0f553f9
0	ukr_rus	facebook_page_reference	0.31321614583333335	0.3132043425843847	0.8652459566620575	2500	512	953c6b541994784604b966c0ae43526c6fe27809f5763c152c45738c318924bc	25535a2d58279616f6d483b560a5c5ebbe50381842e60377b09bb6aa5436b280
0	ukr_rus	midterm	0.21189778645833332	0.21194696510670494	0.8465061035649529	2500	512	661e8ff3189cc6b18a5657b2877902d0c3438dcc0627d66b15d63ed8fdb95d9a	b8ec4aed98688ec14461a5815b4db7523eef92bb3f25e9c2fb1ebe86ac374a9e
0	ukr_rus	twibot20	0.29977213541666664	0.29963566408147824	0.8968699151072009	2500	512	182005c0dfc361a11854cd27008e6fb2dbda3ea4c86ef76401374ebc382ce8f9	1d6d65fb5b702c0331d7b7f31bb8ad190bf7ffd97b7768d1c0d244f68c699ae0
0	ukr_rus	ukr_rus	0.441455078125	0.44142138404310344	0.9263123213559731	2500	512	c7161b74e2e7b97ecb2e65e6cea6bffb594aee907cac538849fdbcb8a8d7f49c	3bb76f47d0a9d90b0d8e9f369e97eb4f0eac58f17cb53f519ffca5b7627a5529
0	ukr_rus	ukr_rus_suspended	0.20089518229166667	0.20083930437624903	0.8301447180495864	2500	512	d33b2f239ca403799d2412c9794195cb6da0c1c882d00856b9c42309c2e0e918	7f8cc9b39c9cd09cd889e3b0107bd390f8ad622d8825be5634eba2533dffaa70
0	ukr_rus_suspended	covid	0.3074544270833333	0.30741186378439816	0.8797723856465571	2500	512	58c9ae1cdca9fe2f19eec997579ac45b29f43f50ecb804d85b0503ed5a670c8d	df7eea1b7e3d6715827a53dcc6e821d1e1c1c5661083553d00420be76d4eeb15
0	ukr_rus_suspended	covid_political	0.10890299479166667	0.10887361827778862	0.7528108287131648	2500	512	4347a4089422fe620471e80f8098b3cd7635a4b53167a0f3dd3d513f6a999f93	237208e63d8b0b13e77942c576d799a46e2cb490c7af658113dc8cdfb997251c
0	ukr_rus_suspended	cp_hk	0.10279947916666667	0.10270883650006726	0.6835465003704202	2500	512	bc07d99d2be2f45e4eff024dbbf6f34fa1548c3b217b30488d92759c7cbd5763	d534fcf92151230ef5a9b828123779bd797bdba3b93fdc8091500dcdbc4956e1
0	ukr_rus_suspended	election2020	0.10203450520833333	0.10199162276858059	0.7535072271851286	2500	512	fc7627f954ff611634625ace30e7055aa270bc93a00920ac08663636e28ef052	c9d247d9d3ed600eb414762d1340d07eba89bfb2ba7b85c49018c5d4a0f553f9
0	ukr_rus_suspended	facebook_page_reference	0.17537434895833334	0.17531802235786179	0.7571542802898363	2500	512	953c6b541994784604b966c0ae43526c6fe27809f5763c152c45738c318924bc	25535a2d58279616f6d483b560a5c5ebbe50381842e60377b09bb6aa5436b280
0	ukr_rus_suspended	midterm	0.13390299479166667	0.13393042933556507	0.7668493259912251	2500	512	661e8ff3189cc6b18a5657b2877902d0c3438dcc0627d66b15d63ed8fdb95d9a	b8ec4aed98688ec14461a5815b4db7523eef92bb3f25e9c2fb1ebe86ac374a9e
0	ukr_rus_suspended	twibot20	0.16334635416666668	0.16338922926428628	0.7696061911254094	2500	512	182005c0dfc361a11854cd27008e6fb2dbda3ea4c86ef76401374ebc382ce8f9	1d6d65fb5b702c0331d7b7f31bb8ad190bf7ffd97b7768d1c0d244f68c699ae0
0	ukr_rus_suspended	ukr_rus	0.23255208333333333	0.23256687379473348	0.8129121599526241	2500	512	c7161b74e2e7b97ecb2e65e6cea6bffb594aee907cac538849fdbcb8a8d7f49c	3bb76f47d0a9d90b0d8e9f369e97eb4f0eac58f17cb53f519ffca5b7627a5529
0	ukr_rus_suspended	ukr_rus_suspended	0.3663411458333333	0.36632807807886203	0.9242531622963389	2500	512	d33b2f239ca403799d2412c9794195cb6da0c1c882d00856b9c42309c2e0e918	7f8cc9b39c9cd09cd889e3b0107bd390f8ad622d8825be5634eba2533dffaa70
1	covid	covid	0.575341796875	0.5753301098127309	0.9643869872750908	2500	512	58c9ae1cdca9fe2f19eec997579ac45b29f43f50ecb804d85b0503ed5a670c8d	df7eea1b7e3d6715827a53dcc6e821d1e1c1c5661083553d00420be76d4eeb15
1	covid	covid_political	0.143896484375	0.14385281164579145	0.8332345381550404	2500	512	4347a4089422fe620471e80f8098b3cd7635a4b53167a0f3dd3d513f6a999f93	237208e63d8b0b13e77942c576d799a46e2cb490c7af658113dc8cdfb997251c
1	covid	cp_hk	0.11593424479166667	0.11595193559584399	0.7066877962528975	2500	512	bc07d99d2be2f45e4eff024dbbf6f34fa1548c3b217b30488d92759c7cbd5763	d534fcf92151230ef5a9b828123779bd797bdba3b93fdc8091500dcdbc4956e1
1	covid	election2020	0.14879557291666667	0.1487415203002449	0.8390897005453878	2500	512	fc7627f954ff611634625ace30e7055aa270bc93a00920ac08663636e28ef052	c9d247d9d3ed600eb414762d1340d07eba89bfb2ba7b85c49018c5d4a0f553f9
1	covid	facebook_page_reference	0.27179361979166666	0.27174037247057226	0.8313604807031567	2500	512	953c6b541994784604b966c0ae43526c6fe27809f5763c152c45738c318924bc	25535a2d58279616f6d483b560a5c5ebbe50381842e60377b09bb6aa5436b280
1	covid	midterm	0.21100260416666666	0.21091295246601097	0.8399906183111258	2500	512	661e8ff3189cc6b18a5657b2877902d0c3438dcc0627d66b15d63ed8fdb95d9a	b8ec4aed98688ec14461a5815b4db7523eef92bb3f25e9c2fb1ebe86ac374a9e
1	covid	twibot20	0.3087076822916667	0.3086615530575415	0.903573845446795	2500	512	182005c0dfc361a11854cd27008e6fb2dbda3ea4c86ef76401374ebc382ce8f9	1d6d65fb5b702c0331d7b7f31bb8ad190bf7ffd97b7768d1c0d244f68c699ae0
1	covid	ukr_rus	0.3836751302083333	0.3836638147360176	0.8938139555097994	2500	512	c7161b74e2e7b97ecb2e65e6cea6bffb594aee907cac538849fdbcb8a8d7f49c	3bb76f47d0a9d90b0d8e9f369e97eb4f0eac58f17cb53f519ffca5b7627a5529
1	covid	ukr_rus_suspended	0.18299153645833333	0.18289765740261824	0.8239423291436556	2500	512	d33b2f239ca403799d2412c9794195cb6da0c1c882d00856b9c42309c2e0e918	7f8cc9b39c9cd09cd889e3b0107bd390f8ad622d8825be5634eba2533dffaa70
1	covid_political	covid	0.14539388020833333	0.14526706653511356	0.7448162369344425	2500	512	58c9ae1cdca9fe2f19eec997579ac45b29f43f50ecb804d85b0503ed5a670c8d	df7eea1b7e3d6715827a53dcc6e821d1e1c1c5661083553d00420be76d4eeb15
1	covid_political	covid_political	0.19191080729166668	0.19192780664203102	0.8704331476112892	2500	512	4347a4089422fe620471e80f8098b3cd7635a4b53167a0f3dd3d513f6a999f93	237208e63d8b0b13e77942c576d799a46e2cb490c7af658113dc8cdfb997251c
1	covid_political	cp_hk	0.06359049479166666	0.06348641608283967	0.5998471129899736	2500	512	bc07d99d2be2f45e4eff024dbbf6f34fa1548c3b217b30488d92759c7cbd5763	d534fcf92151230ef5a9b828123779bd797bdba3b93fdc8091500dcdbc4956e1
1	covid_political	election2020	0.11251627604166667	0.11251417268590459	0.7895424705812302	2500	512	fc7627f954ff611634625ace30e7055aa270bc93a00920ac08663636e28ef052	c9d247d9d3ed600eb414762d1340d07eba89bfb2ba7b85c49018c5d4a0f553f9
1	covid_political	facebook_page_reference	0.09427083333333333	0.09424262746011158	0.6184052639994129	2500	512	953c6b541994784604b966c0ae43526c6fe27809f5763c152c45738c318924bc	25535a2d58279616f6d483b560a5c5ebbe50381842e60377b09bb6aa5436b280
1	covid_political	midterm	0.116455078125	0.11640108239219275	0.7290723456733527	2500	512	661e8ff3189cc6b18a5657b2877902d0c3438dcc0627d66b15d63ed8fdb95d9a	b8ec4aed98688ec14461a5815b4db7523eef92bb3f25e9c2fb1ebe86ac374a9e
1	covid_political	twibot20	0.14015299479166668	0.14011644607446375	0.7762805705783011	2500	512	182005c0dfc361a11854cd27008e6fb2dbda3ea4c86ef76401374ebc382ce8f9	1d6d65fb5b702c0331d7b7f31bb8ad190bf7ffd97b7768d1c0d244f68c699ae0
1	covid_political	ukr_rus	0.10076497395833334	0.10062609574868614	0.6548661482745203	2500	512	c7161b74e2e7b97ecb2e65e6cea6bffb594aee907cac538849fdbcb8a8d7f49c	3bb76f47d0a9d90b0d8e9f369e97eb4f0eac58f17cb53f519ffca5b7627a5529
1	covid_political	ukr_rus_suspended	0.08802083333333334	0.08788875543680393	0.6933321548604418	2500	512	d33b2f239ca403799d2412c9794195cb6da0c1c882d00856b9c42309c2e0e918	7f8cc9b39c9cd09cd889e3b0107bd390f8ad622d8825be5634eba2533dffaa70
1	cp_hk	covid	0.2718424479166667	0.27175225245162843	0.8523559926570148	2500	512	58c9ae1cdca9fe2f19eec997579ac45b29f43f50ecb804d85b0503ed5a670c8d	df7eea1b7e3d6715827a53dcc6e821d1e1c1c5661083553d00420be76d4eeb15
1	cp_hk	covid_political	0.11184895833333333	0.11183461789380303	0.7519687168899625	2500	512	4347a4089422fe620471e80f8098b3cd7635a4b53167a0f3dd3d513f6a999f93	237208e63d8b0b13e77942c576d799a46e2cb490c7af658113dc8cdfb997251c
1	cp_hk	cp_hk	0.18302408854166666	0.18299350903681505	0.8138179351543559	2500	512	bc07d99d2be2f45e4eff024dbbf6f34fa1548c3b217b30488d92759c7cbd5763	d534fcf92151230ef5a9b828123779bd797bdba3b93fdc8091500dcdbc4956e1
1	cp_hk	election2020	0.11119791666666666	0.11107645313686455	0.7514805310073939	2500	512	fc7627f954ff611634625ace30e7055aa270bc93a00920ac08663636e28ef052	c9d247d9d3ed600eb414762d1340d07eba89bfb2ba7b85c49018c5d4a0f553f9
1	cp_hk	facebook_page_reference	0.19002278645833334	0.19002851057943843	0.7838993169795507	2500	512	953c6b541994784604b966c0ae43526c6fe27809f5763c152c45738c318924bc	25535a2d58279616f6d483b560a5c5ebbe50381842e60377b09bb6aa5436b280
1	cp_hk	midterm	0.16368815104166667	0.16358769472001766	0.8194248944863506	2500	512	661e8ff3189cc6b18a5657b2877902d0c3438dcc0627d66b15d63ed8fdb95d9a	b8ec4aed98688ec14461a5815b4db7523eef92bb3f25e9c2fb1ebe86ac374a9e
1	cp_hk	twibot20	0.17254231770833334	0.1725061147983326	0.7923475253170935	2500	512	182005c0dfc361a11854cd27008e6fb2dbda3ea4c86ef76401374ebc382ce8f9	1d6d65fb5b702c0331d7b7f31bb8ad190bf7ffd97b7768d1c0d244f68c699ae0
1	cp_hk	ukr_rus	0.18408203125	0.18405290710647437	0.7674512021843043	2500	512	c7161b74e2e7b97ecb2e65e6cea6bffb594aee907cac538849fdbcb8a8d7f49c	3bb76f47d0a9d90b0d8e9f369e97eb4f0eac58f17cb53f519ffca5b7627a5529
1	cp_hk	ukr_rus_suspended	0.11427408854166667	0.11419996428259062	0.7297012575741472	2500	512	d33b2f239ca403799d2412c9794195cb6da0c1c882d00856b9c42309c2e0e918	7f8cc9b39c9cd09cd889e3b0107bd390f8ad622d8825be5634eba2533dffaa70
1	election2020	covid	0.140087890625	0.1399378809607081	0.761194929309275	2500	512	58c9ae1cdca9fe2f19eec997579ac45b29f43f50ecb804d85b0503ed5a670c8d	df7eea1b7e3d6715827a53dcc6e821d1e1c1c5661083553d00420be76d4eeb15
1	election2020	covid_political	0.13180338541666667	0.13175853383661906	0.8303894504733468	2500	512	4347a4089422fe620471e80f8098b3cd7635a4b53167a0f3dd3d513f6a999f93	237208e63d8b0b13e77942c576d799a46e2cb490c7af658113dc8cdfb997251c
1	election2020	cp_hk	0.06385091145833334	0.06379577134664355	0.6305971425155115	2500	512	bc07d99d2be2f45e4eff024dbbf6f34fa1548c3b217b30488d92759c7cbd5763	d534fcf92151230ef5a9b828123779bd797bdba3b93fdc8091500dcdbc4956e1
1	election2020	election2020	0.23307291666666666	0.23306034442417864	0.8892819437487371	2500	512	fc7627f954ff611634625ace30e7055aa270bc93a00920ac08663636e28ef052	c9d247d9d3ed600eb414762d1340d07eba89bfb2ba7b85c49018c5d4a0f553f9
1	election2020	facebook_page_reference	0.10764973958333333	0.10763676921291578	0.681032067605819	2500	512	953c6b541994784604b966c0ae43526c6fe27809f5763c152c45738c318924bc	25535a2d58279616f6d483b560a5c5ebbe50381842e60377b09bb6aa5436b280
1	election2020	midterm	0.120703125	0.12068975610605055	0.7434333099716011	2500	512	661e8ff3189cc6b18a5657b2877902d0c3438dcc0627d66b15d63ed8fdb95d9a	b8ec4aed98688ec14461a5815b4db7523eef92bb3f25e9c2fb1ebe86ac374a9e
1	election2020	twibot20	0.14744466145833332	0.14740883054677278	0.8040071283263721	2500	512	182005c0dfc361a11854cd27008e6fb2dbda3ea4c86ef76401374ebc382ce8f9	1d6d65fb5b702c0331d7b7f31bb8ad190bf7ffd97b7768d1c0d244f68c699ae0
1	election2020	ukr_rus	0.111376953125	0.11130744087735525	0.7142405616826025	2500	512	c7161b74e2e7b97ecb2e65e6cea6bffb594aee907cac538849fdbcb8a8d7f49c	3bb76f47d0a9d90b0d8e9f369e97eb4f0eac58f17cb53f519ffca5b7627a5529
1	election2020	ukr_rus_suspended	0.09661458333333334	0.09659274292267042	0.7394147741383521	2500	512	d33b2f239ca403799d2412c9794195cb6da0c1c882d00856b9c42309c2e0e918	7f8cc9b39c9cd09cd889e3b0107bd390f8ad622d8825be5634eba2533dffaa70
1	facebook_page_reference	covid	0.3138834635416667	0.3138010824604149	0.8504585086614237	2500	512	58c9ae1cdca9fe2f19eec997579ac45b29f43f50ecb804d85b0503ed5a670c8d	df7eea1b7e3d6715827a53dcc6e821d1e1c1c5661083553d00420be76d4eeb15
1	facebook_page_reference	covid_political	0.11871744791666666	0.11864347583068079	0.7763300422964423	2500	512	4347a4089422fe620471e80f8098b3cd7635a4b53167a0f3dd3d513f6a999f93	237208e63d8b0b13e77942c576d799a46e2cb490c7af658113dc8cdfb997251c
1	facebook_page_reference	cp_hk	0.07937825520833333	0.07935893462520976	0.6505505818060074	2500	512	bc07d99d2be2f45e4eff024dbbf6f34fa1548c3b217b30488d92759c7cbd5763	d534fcf92151230ef5a9b828123779bd797bdba3b93fdc8091500dcdbc4956e1
1	facebook_page_reference	election2020	0.12127278645833334	0.12120260032921125	0.8079966069638045	2500	512	fc7627f954ff611634625ace30e7055aa270bc93a00920ac08663636e28ef052	c9d247d9d3ed600eb414762d1340d07eba89bfb2ba7b85c49018c5d4a0f553f9
1	facebook_page_reference	facebook_page_reference	0.2708984375	0.27081270581523936	0.8178284275120703	2500	512	953c6b541994784604b966c0ae43526c6fe27809f5763c152c45738c318924bc	25535a2d58279616f6d483b560a5c5ebbe50381842e60377b09bb6aa5436b280
1	facebook_page_reference	midterm	0.14723307291666668	0.14720955414475867	0.7454406002472186	2500	512	661e8ff3189cc6b18a5657b2877902d0c3438dcc0627d66b15d63ed8fdb95d9a	b8ec4aed98688ec14461a5815b4db7523eef92bb3f25e9c2fb1ebe86ac374a9e
1	facebook_page_reference	twibot20	0.187744140625	0.18773003118314732	0.8064448566272341	2500	512	182005c0dfc361a11854cd27008e6fb2dbda3ea4c86ef76401374ebc382ce8f9	1d6d65fb5b702c0331d7b7f31bb8ad190bf7ffd97b7768d1c0d244f68c699ae0
1	facebook_page_reference	ukr_rus	0.23523763020833333	0.23523179334909275	0.7905924564120413	2500	512	c7161b74e2e7b97ecb2e65e6cea6bffb594aee907cac538849fdbcb8a8d7f49c	3bb76f47d0a9d90b0d8e9f369e97eb4f0eac58f17cb53f519ffca5b7627a5529
1	facebook_page_reference	ukr_rus_suspended	0.1220703125	0.12206379731559526	0.7447214391039706	2500	512	d33b2f239ca403799d2412c9794195cb6da0c1c882d00856b9c42309c2e0e918	7f8cc9b39c9cd09cd889e3b0107bd390f8ad622d8825be5634eba2533dffaa70
1	midterm	covid	0.30935872395833336	0.3093183285807627	0.8726910654155687	2500	512	58c9ae1cdca9fe2f19eec997579ac45b29f43f50ecb804d85b0503ed5a670c8d	df7eea1b7e3d6715827a53dcc6e821d1e1c1c5661083553d00420be76d4eeb15
1	midterm	covid_political	0.13961588541666667	0.13959578274592277	0.8154244638037407	2500	512	4347a4089422fe620471e80f8098b3cd7635a4b53167a0f3dd3d513f6a999f93	237208e63d8b0b13e77942c576d799a46e2cb490c7af658113dc8cdfb997251c
1	midterm	cp_hk	0.0974609375	0.09747305585563532	0.6913078883598591	2500	512	bc07d99d2be2f45e4eff024dbbf6f34fa1548c3b217b30488d92759c7cbd5763	d534fcf92151230ef5a9b828123779bd797bdba3b93fdc8091500dcdbc4956e1
1	midterm	election2020	0.13440755208333333	0.13438908956321788	0.8272383676178154	2500	512	fc7627f954ff611634625ace30e7055aa270bc93a00920ac08663636e28ef052	c9d247d9d3ed600eb414762d1340d07eba89bfb2ba7b85c49018c5d4a0f553f9
1	midterm	facebook_page_reference	0.17521158854166666	0.17517790626017932	0.7490143433384512	2500	512	953c6b541994784604b966c0ae43526c6fe27809f5763c152c45738c318924bc	25535a2d58279616f6d483b560a5c5ebbe50381842e60377b09bb6aa5436b280
1	midterm	midterm	0.2560546875	0.2559635366294895	0.8688822721612866	2500	512	661e8ff3189cc6b18a5657b2877902d0c3438dcc0627d66b15d63ed8fdb95d9a	b8ec4aed98688ec14461a5815b4db7523eef92bb3f25e9c2fb1ebe86ac374a9e
1	midterm	twibot20	0.21005859375	0.2100539344655839	0.8404349491514009	2500	512	182005c0dfc361a11854cd27008e6fb2dbda3ea4c86ef76401374ebc382ce8f9	1d6d65fb5b702c0331d7b7f31bb8ad190bf7ffd97b7768d1c0d244f68c699ae0
1	midterm	ukr_rus	0.20315755208333333	0.20314062121364537	0.790750877336524	2500	512	c7161b74e2e7b97ecb2e65e6cea6bffb594aee907cac538849fdbcb8a8d7f49c	3bb76f47d0a9d90b0d8e9f369e97eb4f0eac58f17cb53f519ffca5b7627a5529
1	midterm	ukr_rus_suspended	0.11611328125	0.11607631211958577	0.7370995062521134	2500	512	d33b2f239ca403799d2412c9794195cb6da0c1c882d00856b9c42309c2e0e918	7f8cc9b39c9cd09cd889e3b0107bd390f8ad622d8825be5634eba2533dffaa70
1	twibot20	covid	0.47779947916666665	0.47770720417941054	0.9381729695988797	2500	512	58c9ae1cdca9fe2f19eec997579ac45b29f43f50ecb804d85b0503ed5a670c8d	df7eea1b7e3d6715827a53dcc6e821d1e1c1c5661083553d00420be76d4eeb15
1	twibot20	covid_political	0.140576171875	0.1405722178578442	0.8304930980178132	2500	512	4347a4089422fe620471e80f8098b3cd7635a4b53167a0f3dd3d513f6a999f93	237208e63d8b0b13e77942c576d799a46e2cb490c7af658113dc8cdfb997251c
1	twibot20	cp_hk	0.10603841145833333	0.10594217498597339	0.7182031156002792	2500	512	bc07d99d2be2f45e4eff024dbbf6f34fa1548c3b217b30488d92759c7cbd5763	d534fcf92151230ef5a9b828123779bd797bdba3b93fdc8091500dcdbc4956e1
1	twibot20	election2020	0.14864908854166667	0.14862081084976103	0.840477347922051	2500	512	fc7627f954ff611634625ace30e7055aa270bc93a00920ac08663636e28ef052	c9d247d9d3ed600eb414762d1340d07eba89bfb2ba7b85c49018c5d4a0f553f9
1	twibot20	facebook_page_reference	0.24998372395833332	0.2499008933447274	0.8026382777882718	2500	512	953c6b541994784604b966c0ae43526c6fe27809f5763c152c45738c318924bc	25535a2d58279616f6d483b560a5c5ebbe50381842e60377b09bb6aa5436b280
1	twibot20	midterm	0.20807291666666666	0.20805437635075671	0.8500617476715439	2500	512	661e8ff3189cc6b18a5657b2877902d0c3438dcc0627d66b15d63ed8fdb95d9a	b8ec4aed98688ec14461a5815b4db7523eef92bb3f25e9c2fb1ebe86ac374a9e
1	twibot20	twibot20	0.3324381510416667	0.33238765709664325	0.9132535968703785	2500	512	182005c0dfc361a11854cd27008e6fb2dbda3ea4c86ef76401374ebc382ce8f9	1d6d65fb5b702c0331d7b7f31bb8ad190bf7ffd97b7768d1c0d244f68c699ae0
1	twibot20	ukr_rus	0.31051432291666664	0.3104582437055812	0.8556827406773623	2500	512	c7161b74e2e7b97ecb2e65e6cea6bffb594aee907cac538849fdbcb8a8d7f49c	3bb76f47d0a9d90b0d8e9f369e97eb4f0eac58f17cb53f519ffca5b7627a5529
1	twibot20	ukr_rus_suspended	0.15087890625	0.1507639263216964	0.8017680517558394	2500	512	d33b2f239ca403799d2412c9794195cb6da0c1c882d00856b9c42309c2e0e918	7f8cc9b39c9cd09cd889e3b0107bd390f8ad622d8825be5634eba2533dffaa70
1	ukr_rus	covid	0.557421875	0.5573995040843113	0.9616704716079535	2500	512	58c9ae1cdca9fe2f19eec997579ac45b29f43f50ecb804d85b0503ed5a670c8d	df7eea1b7e3d6715827a53dcc6e821d1e1c1c5661083553d00420be76d4eeb15
1	ukr_rus	covid_political	0.142919921875	0.1429249410694375	0.834235409073446	2500	512	4347a4089422fe620471e80f8098b3cd7635a4b53167a0f3dd3d513f6a999f93	237208e63d8b0b13e77942c576d799a46e2cb490c7af658113dc8cdfb997251c
1	ukr_rus	cp_hk	0.11393229166666667	0.11394448661690235	0.7079505261333507	2500	512	bc07d99d2be2f45e4eff024dbbf6f34fa1548c3b217b30488d92759c7cbd5763	d534fcf92151230ef5a9b828123779bd797bdba3b93fdc8091500dcdbc4956e1
1	ukr_rus	election2020	0.144970703125	0.14490775892013802	0.8329168096356008	2500	512	fc7627f954ff611634625ace30e7055aa270bc93a00920ac08663636e28ef052	c9d247d9d3ed600eb414762d1340d07eba89bfb2ba7b85c49018c5d4a0f553f9
1	ukr_rus	facebook_page_reference	0.30315755208333334	0.30314524611957094	0.8653116090544337	2500	512	953c6b541994784604b966c0ae43526c6fe27809f5763c152c45738c318924bc	25535a2d58279616f6d483b560a5c5ebbe50381842e60377b09bb6aa5436b280
1	ukr_rus	midterm	0.21632486979166668	0.21626829150223553	0.8484728462394628	2500	512	661e8ff3189cc6b18a5657b2877902d0c3438dcc0627d66b15d63ed8fdb95d9a	b8ec4aed98688ec14461a5815b4db7523eef92bb3f25e9c2fb1ebe86ac374a9e
1	ukr_rus	twibot20	0.299072265625	0.29892438436328767	0.8949483361737481	2500	512	182005c0dfc361a11854cd27008e6fb2dbda3ea4c86ef76401374ebc382ce8f9	1d6d65fb5b702c0331d7b7f31bb8ad190bf7ffd97b7768d1c0d244f68c699ae0
1	ukr_rus	ukr_rus	0.4383138020833333	0.43826790084696504	0.9249102733601099	2500	512	c7161b74e2e7b97ecb2e65e6cea6bffb594aee907cac538849fdbcb8a8d7f49c	3bb76f47d0a9d90b0d8e9f369e97eb4f0eac58f17cb53f519ffca5b7627a5529
1	ukr_rus	ukr_rus_suspended	0.19806315104166666	0.19797201746820545	0.8272473443513628	2500	512	d33b2f239ca403799d2412c9794195cb6da0c1c882d00856b9c42309c2e0e918	7f8cc9b39c9cd09cd889e3b0107bd390f8ad622d8825be5634eba2533dffaa70
1	ukr_rus_suspended	covid	0.28955078125	0.28959828013157096	0.8575648381792264	2500	512	58c9ae1cdca9fe2f19eec997579ac45b29f43f50ecb804d85b0503ed5a670c8d	df7eea1b7e3d6715827a53dcc6e821d1e1c1c5661083553d00420be76d4eeb15
1	ukr_rus_suspended	covid_political	0.10888671875	0.10887883217919447	0.7521951475362667	2500	512	4347a4089422fe620471e80f8098b3cd7635a4b53167a0f3dd3d513f6a999f93	237208e63d8b0b13e77942c576d799a46e2cb490c7af658113dc8cdfb997251c
1	ukr_rus_suspended	cp_hk	0.09812825520833333	0.09806169894342119	0.6710115061409173	2500	512	bc07d99d2be2f45e4eff024dbbf6f34fa1548c3b217b30488d92759c7cbd5763	d534fcf92151230ef5a9b828123779bd797bdba3b93fdc8091500dcdbc4956e1
1	ukr_rus_suspended	election2020	0.113916015625	0.11386537831600035	0.7673419896213487	2500	512	fc7627f954ff611634625ace30e7055aa270bc93a00920ac08663636e28ef052	c9d247d9d3ed600eb414762d1340d07eba89bfb2ba7b85c49018c5d4a0f553f9
1	ukr_rus_suspended	facebook_page_reference	0.178955078125	0.17895212691684753	0.7624432915928719	2500	512	953c6b541994784604b966c0ae43526c6fe27809f5763c152c45738c318924bc	25535a2d58279616f6d483b560a5c5ebbe50381842e60377b09bb6aa5436b280
1	ukr_rus_suspended	midterm	0.13504231770833333	0.13504423435161556	0.7681587781029187	2500	512	661e8ff3189cc6b18a5657b2877902d0c3438dcc0627d66b15d63ed8fdb95d9a	b8ec4aed98688ec14461a5815b4db7523eef92bb3f25e9c2fb1ebe86ac374a9e
1	ukr_rus_suspended	twibot20	0.15667317708333334	0.15670444194534908	0.7314604511206176	2500	512	182005c0dfc361a11854cd27008e6fb2dbda3ea4c86ef76401374ebc382ce8f9	1d6d65fb5b702c0331d7b7f31bb8ad190bf7ffd97b7768d1c0d244f68c699ae0
1	ukr_rus_suspended	ukr_rus	0.22607421875	0.2260390007899557	0.7954349883671465	2500	512	c7161b74e2e7b97ecb2e65e6cea6bffb594aee907cac538849fdbcb8a8d7f49c	3bb76f47d0a9d90b0d8e9f369e97eb4f0eac58f17cb53f519ffca5b7627a5529
1	ukr_rus_suspended	ukr_rus_suspended	0.36787109375	0.3678512199582521	0.9233941431703238	2500	512	d33b2f239ca403799d2412c9794195cb6da0c1c882d00856b9c42309c2e0e918	7f8cc9b39c9cd09cd889e3b0107bd390f8ad622d8825be5634eba2533dffaa70
2	covid	covid	0.5838704427083333	0.5838488647671843	0.9663605795509512	2500	512	58c9ae1cdca9fe2f19eec997579ac45b29f43f50ecb804d85b0503ed5a670c8d	df7eea1b7e3d6715827a53dcc6e821d1e1c1c5661083553d00420be76d4eeb15
2	covid	covid_political	0.14029947916666666	0.14017824393000333	0.8280377960753167	2500	512	4347a4089422fe620471e80f8098b3cd7635a4b53167a0f3dd3d513f6a999f93	237208e63d8b0b13e77942c576d799a46e2cb490c7af658113dc8cdfb997251c
2	covid	cp_hk	0.11886393229166667	0.11884682421151564	0.7175307701373921	2500	512	bc07d99d2be2f45e4eff024dbbf6f34fa1548c3b217b30488d92759c7cbd5763	d534fcf92151230ef5a9b828123779bd797bdba3b93fdc8091500dcdbc4956e1
2	covid	election2020	0.14391276041666667	0.14368733694897096	0.8373590951678395	2500	512	fc7627f954ff611634625ace30e7055aa270bc93a00920ac08663636e28ef052	c9d247d9d3ed600eb414762d1340d07eba89bfb2ba7b85c49018c5d4a0f553f9
2	covid	facebook_page_reference	0.28741861979166666	0.28737982823573155	0.8408859418726518	2500	512	953c6b541994784604b966c0ae43526c6fe27809f5763c152c45738c318924bc	25535a2d58279616f6d483b560a5c5ebbe50381842e60377b09bb6aa5436b280
2	covid	midterm	0.215234375	0.21512772401246952	0.8470115025838216	2500	512	661e8ff3189cc6b18a5657b2877902d0c3438dcc0627d66b15d63ed8fdb95d9a	b8ec4aed98688ec14461a5815b4db7523eef92bb3f25e9c2fb1ebe86ac374a9e
2	covid	twibot20	0.31080729166666665	0.31068768920065415	0.904667612876015	2500	512	182005c0dfc361a11854cd27008e6fb2dbda3ea4c86ef76401374ebc382ce8f9	1d6d65fb5b702c0331d7b7f31bb8ad190bf7ffd97b7768d1c0d244f68c699ae0
2	covid	ukr_rus	0.38543294270833334	0.38537552688613125	0.8959717520352067	2500	512	c7161b74e2e7b97ecb2e65e6cea6bffb594aee907cac538849fdbcb8a8d7f49c	3bb76f47d0a9d90b0d8e9f369e97eb4f0eac58f17cb53f519ffca5b7627a5529
2	covid	ukr_rus_suspended	0.182666015625	0.18255270732133486	0.8265279798672116	2500	512	d33b2f239ca403799d2412c9794195cb6da0c1c882d00856b9c42309c2e0e918	7f8cc9b39c9cd09cd889e3b0107bd390f8ad622d8825be5634eba2533dffaa70
2	covid_political	covid	0.14747721354166668	0.14739298555172675	0.7440398565654097	2500	512	58c9ae1cdca9fe2f19eec997579ac45b29f43f50ecb804d85b0503ed5a670c8d	df7eea1b7e3d6715827a53dcc6e821d1e1c1c5661083553d00420be76d4eeb15
2	covid_political	covid_political	0.190771484375	0.19078341742973123	0.8609657127281715	2500	512	4347a4089422fe620471e80f8098b3cd7635a4b53167a0f3dd3d513f6a999f93	237208e63d8b0b13e77942c576d799a46e2cb490c7af658113dc8cdfb997251c
2	covid_political	cp_hk	0.06780598958333334	0.06777164127303781	0.6216128871358674	2500	512	bc07d99d2be2f45e4eff024dbbf6f34fa1548c3b217b30488d92759c7cbd5763	d534fcf92151230ef5a9b828123779bd797bdba3b93fdc8091500dcdbc4956e1
2	covid_political	election2020	0.11482747395833333	0.114773857119615	0.7866748720750041	2500	512	fc7627f954ff611634625ace30e7055aa270bc93a00920ac08663636e28ef052	c9d247d9d3ed600eb414762d1340d07eba89bfb2ba7b85c49018c5d4a0f553f9
2	covid_political	facebook_page_reference	0.098974609375	0.09887685386951128	0.6349145394632185	2500	512	953c6b541994784604b966c0ae43526c6fe27809f5763c152c45738c318924bc	25535a2d58279616f6d483b560a5c5ebbe50381842e60377b09bb6aa5436b280
2	covid_political	midterm	0.09480794270833333	0.09477382608484321	0.6916571928166794	2500	512	661e8ff3189cc6b18a5657b2877902d0c3438dcc0627d66b15d63ed8fdb95d9a	b8ec4aed98688ec14461a5815b4db7523eef92bb3f25e9c2fb1ebe86ac374a9e
2	covid_political	twibot20	0.13533528645833334	0.13528882860547997	0.7732681286746058	2500	512	182005c0dfc361a11854cd27008e6fb2dbda3ea4c86ef76401374ebc382ce8f9	1d6d65fb5b702c0331d7b7f31bb8ad190bf7ffd97b7768d1c0d244f68c699ae0
2	covid_political	ukr_rus	0.10411783854166666	0.10415357867281118	0.664375079363242	2500	512	c7161b74e2e7b97ecb2e65e6cea6bffb594aee907cac538849fdbcb8a8d7f49c	3bb76f47d0a9d90b0d8e9f369e97eb4f0eac58f17cb53f519ffca5b7627a5529
2	covid_political	ukr_rus_suspended	0.08473307291666667	0.08470749717959762	0.6718934958008516	2500	512	d33b2f239ca403799d2412c9794195cb6da0c1c882d00856b9c42309c2e0e918	7f8cc9b39c9cd09cd889e3b0107bd390f8ad622d8825be5634eba2533dffaa70
2	cp_hk	covid	0.261962890625	0.26189252237592636	0.8555304297085465	2500	512	58c9ae1cdca9fe2f19eec997579ac45b29f43f50ecb804d85b0503ed5a670c8d	df7eea1b7e3d6715827a53dcc6e821d1e1c1c5661083553d00420be76d4eeb15
2	cp_hk	covid_political	0.10983072916666667	0.10979793090227566	0.7788317078831554	2500	512	4347a4089422fe620471e80f8098b3cd7635a4b53167a0f3dd3d513f6a999f93	237208e63d8b0b13e77942c576d799a46e2cb490c7af658113dc8cdfb997251c
2	cp_hk	cp_hk	0.18243815104166666	0.18239442361660593	0.8115367043977495	2500	512	bc07d99d2be2f45e4eff024dbbf6f34fa1548c3b217b30488d92759c7cbd5763	d534fcf92151230ef5a9b828123779bd797bdba3b93fdc8091500dcdbc4956e1
2	cp_hk	election2020	0.11017252604166666	0.11016758980510219	0.7772224260472702	2500	512	fc7627f954ff611634625ace30e7055aa270bc93a00920ac08663636e28ef052	c9d247d9d3ed600eb414762d1340d07eba89bfb2ba7b85c49018c5d4a0f553f9
2	cp_hk	facebook_page_reference	0.17508138020833333	0.17505726658733498	0.7719512446173306	2500	512	953c6b541994784604b966c0ae43526c6fe27809f5763c152c45738c318924bc	25535a2d58279616f6d483b560a5c5ebbe50381842e60377b09bb6aa5436b280
2	cp_hk	midterm	0.170361328125	0.17029779801479863	0.8280026254982784	2500	512	661e8ff3189cc6b18a5657b2877902d0c3438dcc0627d66b15d63ed8fdb95d9a	b8ec4aed98688ec14461a5815b4db7523eef92bb3f25e9c2fb1ebe86ac374a9e
2	cp_hk	twibot20	0.1689453125	0.16879640691660133	0.795394533530049	2500	512	182005c0dfc361a11854cd27008e6fb2dbda3ea4c86ef76401374ebc382ce8f9	1d6d65fb5b702c0331d7b7f31bb8ad190bf7ffd97b7768d1c0d244f68c699ae0
2	cp_hk	ukr_rus	0.17482096354166668	0.1748484824316444	0.7661181886990864	2500	512	c7161b74e2e7b97ecb2e65e6cea6bffb594aee907cac538849fdbcb8a8d7f49c	3bb76f47d0a9d90b0d8e9f369e97eb4f0eac58f17cb53f519ffca5b7627a5529
2	cp_hk	ukr_rus_suspended	0.11591796875	0.11581287106353506	0.7474780455402943	2500	512	d33b2f239ca403799d2412c9794195cb6da0c1c882d00856b9c42309c2e0e918	7f8cc9b39c9cd09cd889e3b0107bd390f8ad622d8825be5634eba2533dffaa70
2	election2020	covid	0.11842447916666667	0.11835998045555672	0.7476729646496391	2500	512	58c9ae1cdca9fe2f19eec997579ac45b29f43f50ecb804d85b0503ed5a670c8d	df7eea1b7e3d6715827a53dcc6e821d1e1c1c5661083553d00420be76d4eeb15
2	election2020	covid_political	0.13203125	0.1319733831917776	0.8236252587417076	2500	512	4347a4089422fe620471e80f8098b3cd7635a4b53167a0f3dd3d513f6a999f93	237208e63d8b0b13e77942c576d799a46e2cb490c7af658113dc8cdfb997251c
2	election2020	cp_hk	0.072802734375	0.07277592181798025	0.668195653783864	2500	512	bc07d99d2be2f45e4eff024dbbf6f34fa1548c3b217b30488d92759c7cbd5763	d534fcf92151230ef5a9b828123779bd797bdba3b93fdc8091500dcdbc4956e1
2	election2020	election2020	0.23434244791666667	0.23432734964788618	0.8889979458403314	2500	512	fc7627f954ff611634625ace30e7055aa270bc93a00920ac08663636e28ef052	c9d247d9d3ed600eb414762d1340d07eba89bfb2ba7b85c49018c5d4a0f553f9
2	election2020	facebook_page_reference	0.08084309895833333	0.08083773406290401	0.6415386863138484	2500	512	953c6b541994784604b966c0ae43526c6fe27809f5763c152c45738c318924bc	25535a2d58279616f6d483b560a5c5ebbe50381842e60377b09bb6aa5436b280
2	election2020	midterm	0.12057291666666667	0.12051944072018544	0.7382730629252292	2500	512	661e8ff3189cc6b18a5657b2877902d0c3438dcc0627d66b15d63ed8fdb95d9a	b8ec4aed98688ec14461a5815b4db7523eef92bb3f25e9c2fb1ebe86ac374a9e
2	election2020	twibot20	0.13707682291666667	0.13698762153245272	0.7922017592123183	2500	512	182005c0dfc361a11854cd27008e6fb2dbda3ea4c86ef76401374ebc382ce8f9	1d6d65fb5b702c0331d7b7f31bb8ad190bf7ffd97b7768d1c0d244f68c699ae0
2	election2020	ukr_rus	0.09567057291666667	0.09557397045727896	0.7000635562271906	2500	512	c7161b74e2e7b97ecb2e65e6cea6bffb594aee907cac538849fdbcb8a8d7f49c	3bb76f47d0a9d90b0d8e9f369e97eb4f0eac58f17cb53f519ffca5b7627a5529
2	election2020	ukr_rus_suspended	0.08736979166666667	0.0873704697621004	0.674399308637641	2500	512	d33b2f239ca403799d2412c9794195cb6da0c1c882d00856b9c42309c2e0e918	7f8cc9b39c9cd09cd889e3b0107bd390f8ad622d8825be5634eba2533dffaa70
2	facebook_page_reference	covid	0.335400390625	0.33539142711564734	0.8597958604494731	2500	512	58c9ae1cdca9fe2f19eec997579ac45b29f43f50ecb804d85b0503ed5a670c8d	df7eea1b7e3d6715827a53dcc6e821d1e1c1c5661083553d00420be76d4eeb15
2	facebook_page_reference	covid_political	0.11354166666666667	0.11348997491599154	0.7691948977010004	2500	512	4347a4089422fe620471e80f8098b3cd7635a4b53167a0f3dd3d513f6a999f93	237208e63d8b0b13e77942c576d799a46e2cb490c7af658113dc8cdfb997251c
2	facebook_page_reference	cp_hk	0.08323567708333333	0.08322979784772146	0.6716854514746833	2500	512	bc07d99d2be2f45e4eff024dbbf6f34fa1548c3b217b30488d92759c7cbd5763	d534fcf92151230ef5a9b828123779bd797bdba3b93fdc8091500dcdbc4956e1
2	facebook_page_reference	election2020	0.12311197916666666	0.12308071816311877	0.8051562806655621	2500	512	fc7627f954ff611634625ace30e7055aa270bc93a00920ac08663636e28ef052	c9d247d9d3ed600eb414762d1340d07eba89bfb2ba7b85c49018c5d4a0f553f9
2	facebook_page_reference	facebook_page_reference	0.2608723958333333	0.26084138623697106	0.8039142396258211	2500	512	953c6b541994784604b966c0ae43526c6fe27809f5763c152c45738c318924bc	25535a2d58279616f6d483b560a5c5ebbe50381842e60377b09bb6aa5436b280
2	facebook_page_reference	midterm	0.14734700520833333	0.1472817545680531	0.759279821933001	2500	512	661e8ff3189cc6b18a5657b2877902d0c3438dcc0627d66b15d63ed8fdb95d9a	b8ec4aed98688ec14461a5815b4db7523eef92bb3f25e9c2fb1ebe86ac374a9e
2	facebook_page_reference	twibot20	0.19375	0.19367257219417647	0.8099861162832412	2500	512	182005c0dfc361a11854cd27008e6fb2dbda3ea4c86ef76401374ebc382ce8f9	1d6d65fb5b702c0331d7b7f31bb8ad190bf7ffd97b7768d1c0d244f68c699ae0
2	facebook_page_reference	ukr_rus	0.2527669270833333	0.25271761532875714	0.800426866679356	2500	512	c7161b74e2e7b97ecb2e65e6cea6bffb594aee907cac538849fdbcb8a8d7f49c	3bb76f47d0a9d90b0d8e9f369e97eb4f0eac58f17cb53f519ffca5b7627a5529
2	facebook_page_reference	ukr_rus_suspended	0.12566731770833334	0.12560888444398827	0.7451626916041322	2500	512	d33b2f239ca403799d2412c9794195cb6da0c1c882d00856b9c42309c2e0e918	7f8cc9b39c9cd09cd889e3b0107bd390f8ad622d8825be5634eba2533dffaa70
2	midterm	covid	0.34322916666666664	0.3431845385886717	0.884239418479218	2500	512	58c9ae1cdca9fe2f19eec997579ac45b29f43f50ecb804d85b0503ed5a670c8d	df7eea1b7e3d6715827a53dcc6e821d1e1c1c5661083553d00420be76d4eeb15
2	midterm	covid_political	0.14295247395833333	0.14292043792569417	0.8267269690831502	2500	512	4347a4089422fe620471e80f8098b3cd7635a4b53167a0f3dd3d513f6a999f93	237208e63d8b0b13e77942c576d799a46e2cb490c7af658113dc8cdfb997251c
2	midterm	cp_hk	0.101171875	0.10112713632502264	0.7003361799251074	2500	512	bc07d99d2be2f45e4eff024dbbf6f34fa1548c3b217b30488d92759c7cbd5763	d534fcf92151230ef5a9b828123779bd797bdba3b93fdc8091500dcdbc4956e1
2	midterm	election2020	0.138134765625	0.13807228285179682	0.8330018227127777	2500	512	fc7627f954ff611634625ace30e7055aa270bc93a00920ac08663636e28ef052	c9d247d9d3ed600eb414762d1340d07eba89bfb2ba7b85c49018c5d4a0f553f9
2	midterm	facebook_page_reference	0.17923177083333333	0.17915171794374848	0.74179338367506	2500	512	953c6b541994784604b966c0ae43526c6fe27809f5763c152c45738c318924bc	25535a2d58279616f6d483b560a5c5ebbe50381842e60377b09bb6aa5436b280
2	midterm	midterm	0.25069986979166664	0.2506558008143545	0.8602669915933718	2500	512	661e8ff3189cc6b18a5657b2877902d0c3438dcc0627d66b15d63ed8fdb95d9a	b8ec4aed98688ec14461a5815b4db7523eef92bb3f25e9c2fb1ebe86ac374a9e
2	midterm	twibot20	0.22156575520833333	0.22153040017827605	0.8522275075145153	2500	512	182005c0dfc361a11854cd27008e6fb2dbda3ea4c86ef76401374ebc382ce8f9	1d6d65fb5b702c0331d7b7f31bb8ad190bf7ffd97b7768d1c0d244f68c699ae0
2	midterm	ukr_rus	0.22654622395833332	0.2265324456387815	0.8039989328932488	2500	512	c7161b74e2e7b97ecb2e65e6cea6bffb594aee907cac538849fdbcb8a8d7f49c	3bb76f47d0a9d90b0d8e9f369e97eb4f0eac58f17cb53f519ffca5b7627a5529
2	midterm	ukr_rus_suspended	0.125634765625	0.125505835038523	0.7654724619854458	2500	512	d33b2f239ca403799d2412c9794195cb6da0c1c882d00856b9c42309c2e0e918	7f8cc9b39c9cd09cd889e3b0107bd390f8ad622d8825be5634eba2533dffaa70
2	twibot20	covid	0.48116861979166664	0.4810753790716849	0.9406678756078084	2500	512	58c9ae1cdca9fe2f19eec997579ac45b29f43f50ecb804d85b0503ed5a670c8d	df7eea1b7e3d6715827a53dcc6e821d1e1c1c5661083553d00420be76d4eeb15
2	twibot20	covid_political	0.14026692708333333	0.14018776499339722	0.8259677181298706	2500	512	4347a4089422fe620471e80f8098b3cd7635a4b53167a0f3dd3d513f6a999f93	237208e63d8b0b13e77942c576d799a46e2cb490c7af658113dc8cdfb997251c
2	twibot20	cp_hk	0.11067708333333333	0.11072138241291216	0.7185759525189455	2500	512	bc07d99d2be2f45e4eff024dbbf6f34fa1548c3b217b30488d92759c7cbd5763	d534fcf92151230ef5a9b828123779bd797bdba3b93fdc8091500dcdbc4956e1
2	twibot20	election2020	0.146923828125	0.14689863675328363	0.8383255644776355	2500	512	fc7627f954ff611634625ace30e7055aa270bc93a00920ac08663636e28ef052	c9d247d9d3ed600eb414762d1340d07eba89bfb2ba7b85c49018c5d4a0f553f9
2	twibot20	facebook_page_reference	0.24803059895833332	0.24795010860255526	0.8122316904451654	2500	512	953c6b541994784604b966c0ae43526c6fe27809f5763c152c45738c318924bc	25535a2d58279616f6d483b560a5c5ebbe50381842e60377b09bb6aa5436b280
2	twibot20	midterm	0.20945638020833332	0.20941910672366137	0.8517233467650139	2500	512	661e8ff3189cc6b18a5657b2877902d0c3438dcc0627d66b15d63ed8fdb95d9a	b8ec4aed98688ec14461a5815b4db7523eef92bb3f25e9c2fb1ebe86ac374a9e
2	twibot20	twibot20	0.33307291666666666	0.3330237212892098	0.9145153347103077	2500	512	182005c0dfc361a11854cd27008e6fb2dbda3ea4c86ef76401374ebc382ce8f9	1d6d65fb5b702c0331d7b7f31bb8ad190bf7ffd97b7768d1c0d244f68c699ae0
2	twibot20	ukr_rus	0.3158040364583333	0.315750375067621	0.8545763589869969	2500	512	c7161b74e2e7b97ecb2e65e6cea6bffb594aee907cac538849fdbcb8a8d7f49c	3bb76f47d0a9d90b0d8e9f369e97eb4f0eac58f17cb53f519ffca5b7627a5529
2	twibot20	ukr_rus_suspended	0.15887044270833334	0.15875217436383243	0.7950441727693055	2500	512	d33b2f239ca403799d2412c9794195cb6da0c1c882d00856b9c42309c2e0e918	7f8cc9b39c9cd09cd889e3b0107bd390f8ad622d8825be5634eba2533dffaa70
2	ukr_rus	covid	0.55634765625	0.5563426555046952	0.9607137385456039	2500	512	58c9ae1cdca9fe2f19eec997579ac45b29f43f50ecb804d85b0503ed5a670c8d	df7eea1b7e3d6715827a53dcc6e821d1e1c1c5661083553d00420be76d4eeb15
2	ukr_rus	covid_political	0.13780924479166667	0.1378024786599809	0.8331080695678448	2500	512	4347a4089422fe620471e80f8098b3cd7635a4b53167a0f3dd3d513f6a999f93	237208e63d8b0b13e77942c576d799a46e2cb490c7af658113dc8cdfb997251c
2	ukr_rus	cp_hk	0.11559244791666666	0.11561455196235922	0.7182870773063309	2500	512	bc07d99d2be2f45e4eff024dbbf6f34fa1548c3b217b30488d92759c7cbd5763	d534fcf92151230ef5a9b828123779bd797bdba3b93fdc8091500dcdbc4956e1
2	ukr_rus	election2020	0.14444986979166666	0.1443974351237342	0.8326879800051111	2500	512	fc7627f954ff611634625ace30e7055aa270bc93a00920ac08663636e28ef052	c9d247d9d3ed600eb414762d1340d07eba89bfb2ba7b85c49018c5d4a0f553f9
2	ukr_rus	facebook_page_reference	0.316748046875	0.3167176969021532	0.8673519886773208	2500	512	953c6b541994784604b966c0ae43526c6fe27809f5763c152c45738c318924bc	25535a2d58279616f6d483b560a5c5ebbe50381842e60377b09bb6aa5436b280
2	ukr_rus	midterm	0.21513671875	0.21507210452515732	0.8509611845016477	2500	512	661e8ff3189cc6b18a5657b2877902d0c3438dcc0627d66b15d63ed8fdb95d9a	b8ec4aed98688ec14461a5815b4db7523eef92bb3f25e9c2fb1ebe86ac374a9e
2	ukr_rus	twibot20	0.3018391927083333	0.3018017023932978	0.8989161611973553	2500	512	182005c0dfc361a11854cd27008e6fb2dbda3ea4c86ef76401374ebc382ce8f9	1d6d65fb5b702c0331d7b7f31bb8ad190bf7ffd97b7768d1c0d244f68c699ae0
2	ukr_rus	ukr_rus	0.44215494791666665	0.4421281600029666	0.9252364176443252	2500	512	c7161b74e2e7b97ecb2e65e6cea6bffb594aee907cac538849fdbcb8a8d7f49c	3bb76f47d0a9d90b0d8e9f369e97eb4f0eac58f17cb53f519ffca5b7627a5529
2	ukr_rus	ukr_rus_suspended	0.20476888020833334	0.2046862631765411	0.8359080044702552	2500	512	d33b2f239ca403799d2412c9794195cb6da0c1c882d00856b9c42309c2e0e918	7f8cc9b39c9cd09cd889e3b0107bd390f8ad622d8825be5634eba2533dffaa70
2	ukr_rus_suspended	covid	0.28953450520833335	0.28954020717460527	0.8643306410175632	2500	512	58c9ae1cdca9fe2f19eec997579ac45b29f43f50ecb804d85b0503ed5a670c8d	df7eea1b7e3d6715827a53dcc6e821d1e1c1c5661083553d00420be76d4eeb15
2	ukr_rus_suspended	covid_political	0.10439453125	0.1043413326088863	0.753219842362678	2500	512	4347a4089422fe620471e80f8098b3cd7635a4b53167a0f3dd3d513f6a999f93	237208e63d8b0b13e77942c576d799a46e2cb490c7af658113dc8cdfb997251c
2	ukr_rus_suspended	cp_hk	0.10167643229166666	0.10163644904211751	0.6804816972250225	2500	512	bc07d99d2be2f45e4eff024dbbf6f34fa1548c3b217b30488d92759c7cbd5763	d534fcf92151230ef5a9b828123779bd797bdba3b93fdc8091500dcdbc4956e1
2	ukr_rus_suspended	election2020	0.09710286458333334	0.09704277987266102	0.7493508021036784	2500	512	fc7627f954ff611634625ace30e7055aa270bc93a00920ac08663636e28ef052	c9d247d9d3ed600eb414762d1340d07eba89bfb2ba7b85c49018c5d4a0f553f9
2	ukr_rus_suspended	facebook_page_reference	0.17242838541666666	0.17237311535205835	0.7623210561686549	2500	512	953c6b541994784604b966c0ae43526c6fe27809f5763c152c45738c318924bc	25535a2d58279616f6d483b560a5c5ebbe50381842e60377b09bb6aa5436b280
2	ukr_rus_suspended	midterm	0.13229166666666667	0.1322773861901903	0.7588617439927727	2500	512	661e8ff3189cc6b18a5657b2877902d0c3438dcc0627d66b15d63ed8fdb95d9a	b8ec4aed98688ec14461a5815b4db7523eef92bb3f25e9c2fb1ebe86ac374a9e
2	ukr_rus_suspended	twibot20	0.15146484375	0.15147293806309922	0.742358868012483	2500	512	182005c0dfc361a11854cd27008e6fb2dbda3ea4c86ef76401374ebc382ce8f9	1d6d65fb5b702c0331d7b7f31bb8ad190bf7ffd97b7768d1c0d244f68c699ae0
2	ukr_rus_suspended	ukr_rus	0.2224609375	0.22245161457035614	0.7952369641983646	2500	512	c7161b74e2e7b97ecb2e65e6cea6bffb594aee907cac538849fdbcb8a8d7f49c	3bb76f47d0a9d90b0d8e9f369e97eb4f0eac58f17cb53f519ffca5b7627a5529
2	ukr_rus_suspended	ukr_rus_suspended	0.3666178385416667	0.366599544626932	0.9234904164555429	2500	512	d33b2f239ca403799d2412c9794195cb6da0c1c882d00856b9c42309c2e0e918	7f8cc9b39c9cd09cd889e3b0107bd390f8ad622d8825be5634eba2533dffaa70
