train_id	eval_id	roc_auc	result_status	run_id	run_name	created_at	pretrained_model_run	n_shots	n_way	n_query	eval_random_query	test_len_cap	val_len_cap	task_name	n_hop
covid19_twitter+lp	covid19_twitter+lp	0.9550696885	void_pre_20260723	9z4xdyq6	eval_covid19_twitter_lp_to_covid19_twitter_lp_3shot_13_04_2026_22_07_31	2026-04-14T05:07:36Z	state/train1_covid19_twitter_lp_1p5m_13_04_2026_15_42_52/checkpoint/state_dict_28000.ckpt	3	1	12		1000	1000	temporal_link_prediction	2
covid19_twitter+lp	covid19_twitter+nm	0.9416737768	reported_legacy	koynarmy	eval_covid19_twitter_lp_to_covid19_twitter_nm_3shot_05_05_2026_00_14_00	2026-05-05T07:14:05Z	state/train1_covid19_twitter_lp_1p5m_13_04_2026_15_42_52/checkpoint/state_dict_28000.ckpt	3	3	12	False	1000	1000	neighbor_matching	2
covid19_twitter+lp	covid19_twitter+pl	0.6248218428	reported_legacy	lxi84wpm	eval_covid19_twitter_lp_to_covid19_twitter_pl_3shot_05_05_2026_00_16_03	2026-05-05T07:16:10Z	state/train1_covid19_twitter_lp_1p5m_13_04_2026_15_42_52/checkpoint/state_dict_28000.ckpt	3	2	12	False	1000	1000	classification	2
covid19_twitter+lp	covid_political+nm	0.6076425779	reported_legacy	9qpl8ias	eval_covid19_twitter_lp_to_covid_political_nm_3shot_05_05_2026_00_26_34	2026-05-05T07:26:36Z	state/train1_covid19_twitter_lp_1p5m_13_04_2026_15_42_52/checkpoint/state_dict_28000.ckpt	3	3	12	False	500	500	neighbor_matching	2
covid19_twitter+lp	covid_political+pl	0.6013128694	reported_legacy	l00zh7mx	eval_covid19_twitter_lp_to_covid_political_pl_3shot_05_05_2026_00_29_45	2026-05-05T07:29:47Z	state/train1_covid19_twitter_lp_1p5m_13_04_2026_15_42_52/checkpoint/state_dict_28000.ckpt	3	2	12	False	500	500	classification	2
covid19_twitter+lp	election2020+nm	0.6356937027	reported_legacy	mbkz3gm9	eval_covid19_twitter_lp_to_election2020_nm_3shot_05_05_2026_02_22_58	2026-05-05T09:23:00Z	state/train1_covid19_twitter_lp_1p5m_13_04_2026_15_42_52/checkpoint/state_dict_28000.ckpt	3	3	12	False	500	500	neighbor_matching	2
covid19_twitter+lp	election2020+pl	0.7017853206	reported_legacy	71filkx8	eval_covid19_twitter_lp_to_election2020_pl_3shot_05_05_2026_02_31_32	2026-05-05T09:31:35Z	state/train1_covid19_twitter_lp_1p5m_13_04_2026_15_42_52/checkpoint/state_dict_28000.ckpt	3	2	12	False	500	500	classification	2
covid19_twitter+lp	midterm+lp	0.7835197054	void_pre_20260723	odgf64mo	eval_covid19_twitter_lp_to_midterm_lp_3shot_13_04_2026_22_03_52	2026-04-14T05:03:54Z	state/train1_covid19_twitter_lp_1p5m_13_04_2026_15_42_52/checkpoint/state_dict_28000.ckpt	3	1	12		1000	1000	temporal_link_prediction	2
covid19_twitter+lp	midterm+nm	0.8038562306	reported_legacy	l0q851e9	eval_covid19_twitter_lp_to_midterm_nm_3shot_05_05_2026_00_51_24	2026-05-05T07:51:26Z	state/train1_covid19_twitter_lp_1p5m_13_04_2026_15_42_52/checkpoint/state_dict_28000.ckpt	3	3	12	False	1000	1000	neighbor_matching	2
covid19_twitter+lp	midterm+pl	0.5217621479	reported_legacy	30xp62y5	eval_covid19_twitter_lp_to_midterm_pl_3shot_05_05_2026_00_55_07	2026-05-05T07:55:10Z	state/train1_covid19_twitter_lp_1p5m_13_04_2026_15_42_52/checkpoint/state_dict_28000.ckpt	3	2	12	False	1000	1000	classification	2
covid19_twitter+lp	ukr_rus_suspended+nm	0.6436153684	reported_legacy	3xs4p1dj	eval_covid19_twitter_lp_to_ukr_rus_suspended_nm_3shot_05_05_2026_00_40_04	2026-05-05T07:40:06Z	state/train1_covid19_twitter_lp_1p5m_13_04_2026_15_42_52/checkpoint/state_dict_28000.ckpt	3	3	12	False	500	500	neighbor_matching	2
covid19_twitter+lp	ukr_rus_suspended+pl	0.5056187333	reported_legacy	tjyuw213	eval_covid19_twitter_lp_to_ukr_rus_suspended_pl_3shot_05_05_2026_00_42_55	2026-05-05T07:42:57Z	state/train1_covid19_twitter_lp_1p5m_13_04_2026_15_42_52/checkpoint/state_dict_28000.ckpt	3	2	12	False	500	500	classification	2
covid19_twitter+lp	ukr_rus_twitter+lp	0.8554427792	void_pre_20260723	hknpqptq	eval_covid19_twitter_lp_to_ukr_rus_twitter_lp_3shot_13_04_2026_22_25_04	2026-04-14T05:25:09Z	state/train1_covid19_twitter_lp_1p5m_13_04_2026_15_42_52/checkpoint/state_dict_28000.ckpt	3	1	12		1000	1000	temporal_link_prediction	2
covid19_twitter+lp	ukr_rus_twitter+nm	0.8839142018	reported_legacy	g5c8ykgj	eval_covid19_twitter_lp_to_ukr_rus_twitter_nm_3shot_05_05_2026_00_38_37	2026-05-05T07:38:41Z	state/train1_covid19_twitter_lp_1p5m_13_04_2026_15_42_52/checkpoint/state_dict_28000.ckpt	3	3	12	False	1000	1000	neighbor_matching	2
covid19_twitter+lp	ukr_rus_twitter+pl	0.5123121100	reported_legacy	bg8z4a3o	eval_covid19_twitter_lp_to_ukr_rus_twitter_pl_3shot_05_05_2026_00_41_56	2026-05-05T07:42:01Z	state/train1_covid19_twitter_lp_1p5m_13_04_2026_15_42_52/checkpoint/state_dict_28000.ckpt	3	2	12	False	1000	1000	classification	2
covid19_twitter+nm	covid19_twitter+lp	0.8870473938	void_pre_20260723	y1hltxis	eval_covid19_twitter_nm_to_covid19_twitter_lp_3shot_13_04_2026_21_51_37	2026-04-14T04:51:42Z	state/train1_covid19_twitter_nm_1p5m_13_04_2026_12_14_58/checkpoint/state_dict_40000.ckpt	3	1	12		1000	1000	temporal_link_prediction	2
covid19_twitter+nm	covid19_twitter+nm	0.9973863452	reported_legacy	u7y3b8hj	eval_covid19_twitter_nm_to_covid19_twitter_nm_3shot_05_05_2026_00_08_38	2026-05-05T07:08:42Z	state/train1_covid19_twitter_nm_1p5m_13_04_2026_12_14_58/checkpoint/state_dict_40000.ckpt	3	3	12	False	1000	1000	neighbor_matching	2
covid19_twitter+nm	covid19_twitter+pl	0.6420843586	reported_legacy	9ny8zbs2	eval_covid19_twitter_nm_to_covid19_twitter_pl_3shot_05_05_2026_00_10_40	2026-05-05T07:10:44Z	state/train1_covid19_twitter_nm_1p5m_13_04_2026_12_14_58/checkpoint/state_dict_40000.ckpt	3	2	12	False	1000	1000	classification	2
covid19_twitter+nm	covid_political+nm	0.7063557704	reported_legacy	r7tynwnh	eval_covid19_twitter_nm_to_covid_political_nm_3shot_05_05_2026_00_19_20	2026-05-05T07:19:21Z	state/train1_covid19_twitter_nm_1p5m_13_04_2026_12_14_58/checkpoint/state_dict_40000.ckpt	3	3	12	False	500	500	neighbor_matching	2
covid19_twitter+nm	covid_political+pl	0.6201692406	reported_legacy	qtohayh7	eval_covid19_twitter_nm_to_covid_political_pl_3shot_05_05_2026_00_22_31	2026-05-05T07:22:33Z	state/train1_covid19_twitter_nm_1p5m_13_04_2026_12_14_58/checkpoint/state_dict_40000.ckpt	3	2	12	False	500	500	classification	2
covid19_twitter+nm	election2020+nm	0.7352413352	reported_legacy	w0p0y91l	eval_covid19_twitter_nm_to_election2020_nm_3shot_05_05_2026_02_00_46	2026-05-05T09:00:48Z	state/train1_covid19_twitter_nm_1p5m_13_04_2026_12_14_58/checkpoint/state_dict_40000.ckpt	3	3	12	False	500	500	neighbor_matching	2
covid19_twitter+nm	election2020+pl	0.8282446889	reported_legacy	ud4ucs2k	eval_covid19_twitter_nm_to_election2020_pl_3shot_05_05_2026_02_09_15	2026-05-05T09:09:18Z	state/train1_covid19_twitter_nm_1p5m_13_04_2026_12_14_58/checkpoint/state_dict_40000.ckpt	3	2	12	False	500	500	classification	2
covid19_twitter+nm	midterm+lp	0.8188088969	void_pre_20260723	sg7lep0z	eval_covid19_twitter_nm_to_midterm_lp_3shot_13_04_2026_21_43_56	2026-04-14T04:43:59Z	state/train1_covid19_twitter_nm_1p5m_13_04_2026_12_14_58/checkpoint/state_dict_40000.ckpt	3	1	12		1000	1000	temporal_link_prediction	2
covid19_twitter+nm	midterm+nm	0.9468033064	reported_legacy	qh5kef5r	eval_covid19_twitter_nm_to_midterm_nm_3shot_05_05_2026_00_40_30	2026-05-05T07:40:32Z	state/train1_covid19_twitter_nm_1p5m_13_04_2026_12_14_58/checkpoint/state_dict_40000.ckpt	3	3	12	False	1000	1000	neighbor_matching	2
covid19_twitter+nm	midterm+pl	0.9104314615	reported_legacy	fq2gtyvf	eval_covid19_twitter_nm_to_midterm_pl_3shot_05_05_2026_00_44_16	2026-05-05T07:44:18Z	state/train1_covid19_twitter_nm_1p5m_13_04_2026_12_14_58/checkpoint/state_dict_40000.ckpt	3	2	12	False	1000	1000	classification	2
covid19_twitter+nm	ukr_rus_suspended+nm	0.7626502575	reported_legacy	byjo6his	eval_covid19_twitter_nm_to_ukr_rus_suspended_nm_3shot_05_05_2026_00_33_11	2026-05-05T07:33:12Z	state/train1_covid19_twitter_nm_1p5m_13_04_2026_12_14_58/checkpoint/state_dict_40000.ckpt	3	3	12	False	500	500	neighbor_matching	2
covid19_twitter+nm	ukr_rus_suspended+pl	0.5021695089	reported_legacy	j4iic8p0	eval_covid19_twitter_nm_to_ukr_rus_suspended_pl_3shot_05_05_2026_00_35_59	2026-05-05T07:36:01Z	state/train1_covid19_twitter_nm_1p5m_13_04_2026_12_14_58/checkpoint/state_dict_40000.ckpt	3	2	12	False	500	500	classification	2
covid19_twitter+nm	ukr_rus_twitter+lp	0.8108332540	void_pre_20260723	ez3mle6n	eval_covid19_twitter_nm_to_ukr_rus_twitter_lp_3shot_13_04_2026_21_58_14	2026-04-14T04:58:19Z	state/train1_covid19_twitter_nm_1p5m_13_04_2026_12_14_58/checkpoint/state_dict_40000.ckpt	3	1	12		1000	1000	temporal_link_prediction	2
covid19_twitter+nm	ukr_rus_twitter+nm	0.9823025142	reported_legacy	nqldwbze	eval_covid19_twitter_nm_to_ukr_rus_twitter_nm_3shot_05_05_2026_00_29_47	2026-05-05T07:29:51Z	state/train1_covid19_twitter_nm_1p5m_13_04_2026_12_14_58/checkpoint/state_dict_40000.ckpt	3	3	12	False	1000	1000	neighbor_matching	2
covid19_twitter+nm	ukr_rus_twitter+pl	0.6250682761	reported_legacy	17fyhicm	eval_covid19_twitter_nm_to_ukr_rus_twitter_pl_3shot_05_05_2026_00_33_04	2026-05-05T07:33:09Z	state/train1_covid19_twitter_nm_1p5m_13_04_2026_12_14_58/checkpoint/state_dict_40000.ckpt	3	2	12	False	1000	1000	classification	2
covid19_twitter+pl	covid19_twitter+lp	0.5273215961	void_pre_20260723	7i0yl5sm	eval_covid19_twitter_pl_to_covid19_twitter_lp_3shot_13_04_2026_22_23_18	2026-04-14T05:23:23Z	state/train1_covid19_twitter_pl_1p5m_13_04_2026_11_43_04/checkpoint/state_dict_22000.ckpt	3	1	12		1000	1000	temporal_link_prediction	2
covid19_twitter+pl	covid19_twitter+nm	0.5208704529	reported_legacy	ljm7ss7i	eval_covid19_twitter_pl_to_covid19_twitter_nm_3shot_05_05_2026_00_19_22	2026-05-05T07:19:27Z	state/train1_covid19_twitter_pl_1p5m_13_04_2026_11_43_04/checkpoint/state_dict_22000.ckpt	3	3	12	False	1000	1000	neighbor_matching	2
covid19_twitter+pl	covid19_twitter+pl	0.1654446539	reported_legacy	wfe7hdjq	eval_covid19_twitter_pl_to_covid19_twitter_pl_3shot_05_05_2026_00_21_27	2026-05-05T07:21:31Z	state/train1_covid19_twitter_pl_1p5m_13_04_2026_11_43_04/checkpoint/state_dict_22000.ckpt	3	2	12	False	1000	1000	classification	2
covid19_twitter+pl	covid_political+nm	0.5022459447	reported_legacy	abkiinz4	eval_covid19_twitter_pl_to_covid_political_nm_3shot_05_05_2026_00_33_49	2026-05-05T07:33:51Z	state/train1_covid19_twitter_pl_1p5m_13_04_2026_11_43_04/checkpoint/state_dict_22000.ckpt	3	3	12	False	500	500	neighbor_matching	2
covid19_twitter+pl	covid_political+pl	0.5785250467	reported_legacy	axhit65q	eval_covid19_twitter_pl_to_covid_political_pl_3shot_05_05_2026_00_37_01	2026-05-05T07:37:03Z	state/train1_covid19_twitter_pl_1p5m_13_04_2026_11_43_04/checkpoint/state_dict_22000.ckpt	3	2	12	False	500	500	classification	2
covid19_twitter+pl	election2020+nm	0.5000059128	reported_legacy	2wyc9m7a	eval_covid19_twitter_pl_to_election2020_nm_3shot_05_05_2026_02_44_55	2026-05-05T09:44:57Z	state/train1_covid19_twitter_pl_1p5m_13_04_2026_11_43_04/checkpoint/state_dict_22000.ckpt	3	3	12	False	500	500	neighbor_matching	2
covid19_twitter+pl	election2020+pl	0.5655835250	reported_legacy	kc0k9q34	eval_covid19_twitter_pl_to_election2020_pl_3shot_05_05_2026_02_53_35	2026-05-05T09:53:37Z	state/train1_covid19_twitter_pl_1p5m_13_04_2026_11_43_04/checkpoint/state_dict_22000.ckpt	3	2	12	False	500	500	classification	2
covid19_twitter+pl	midterm+lp	0.4890484454	void_pre_20260723	bvoy1z4i	eval_covid19_twitter_pl_to_midterm_lp_3shot_13_04_2026_22_23_57	2026-04-14T05:23:59Z	state/train1_covid19_twitter_pl_1p5m_13_04_2026_11_43_04/checkpoint/state_dict_22000.ckpt	3	1	12		1000	1000	temporal_link_prediction	2
covid19_twitter+pl	midterm+nm	0.5079276457	reported_legacy	gf46g4qq	eval_covid19_twitter_pl_to_midterm_nm_3shot_05_05_2026_01_01_58	2026-05-05T08:02:00Z	state/train1_covid19_twitter_pl_1p5m_13_04_2026_11_43_04/checkpoint/state_dict_22000.ckpt	3	3	12	False	1000	1000	neighbor_matching	2
covid19_twitter+pl	midterm+pl	0.5600773600	reported_legacy	wwmqiemj	eval_covid19_twitter_pl_to_midterm_pl_3shot_05_05_2026_01_05_42	2026-05-05T08:05:44Z	state/train1_covid19_twitter_pl_1p5m_13_04_2026_11_43_04/checkpoint/state_dict_22000.ckpt	3	2	12	False	1000	1000	classification	2
covid19_twitter+pl	ukr_rus_suspended+nm	0.5006606410	reported_legacy	3phnsc78	eval_covid19_twitter_pl_to_ukr_rus_suspended_nm_3shot_05_05_2026_00_47_23	2026-05-05T07:47:25Z	state/train1_covid19_twitter_pl_1p5m_13_04_2026_11_43_04/checkpoint/state_dict_22000.ckpt	3	3	12	False	500	500	neighbor_matching	2
covid19_twitter+pl	ukr_rus_suspended+pl	0.5147144550	reported_legacy	xfvcdhvb	eval_covid19_twitter_pl_to_ukr_rus_suspended_pl_3shot_05_05_2026_00_50_26	2026-05-05T07:50:28Z	state/train1_covid19_twitter_pl_1p5m_13_04_2026_11_43_04/checkpoint/state_dict_22000.ckpt	3	2	12	False	500	500	classification	2
covid19_twitter+pl	ukr_rus_twitter+lp	0.5050697051	void_pre_20260723	7liqpta8	eval_covid19_twitter_pl_to_ukr_rus_twitter_lp_3shot_13_04_2026_22_52_15	2026-04-14T05:52:21Z	state/train1_covid19_twitter_pl_1p5m_13_04_2026_11_43_04/checkpoint/state_dict_22000.ckpt	3	1	12		1000	1000	temporal_link_prediction	2
covid19_twitter+pl	ukr_rus_twitter+nm	0.5102025557	reported_legacy	7ugeiml5	eval_covid19_twitter_pl_to_ukr_rus_twitter_nm_3shot_05_05_2026_00_47_32	2026-05-05T07:47:36Z	state/train1_covid19_twitter_pl_1p5m_13_04_2026_11_43_04/checkpoint/state_dict_22000.ckpt	3	3	12	False	1000	1000	neighbor_matching	2
covid19_twitter+pl	ukr_rus_twitter+pl	0.5965721160	reported_legacy	j1qvka6y	eval_covid19_twitter_pl_to_ukr_rus_twitter_pl_3shot_05_05_2026_00_50_51	2026-05-05T07:50:55Z	state/train1_covid19_twitter_pl_1p5m_13_04_2026_11_43_04/checkpoint/state_dict_22000.ckpt	3	2	12	False	1000	1000	classification	2
midterm+lp	covid19_twitter+lp	0.6045959429	void_pre_20260723	dv8vjir5	eval_midterm_lp_to_covid19_twitter_lp_3shot_04_05_2026_23_09_37	2026-05-05T06:09:44Z	state/train1_midterm_lp_1p5m_13_04_2026_18_19_00/checkpoint/state_dict_28000.ckpt	3	1	12	False	1000	1000	temporal_link_prediction	2
midterm+lp	covid19_twitter+nm	0.8324714887	reported_legacy	9h3k3zg2	eval_midterm_lp_to_covid19_twitter_nm_3shot_04_05_2026_23_41_15	2026-05-05T06:41:21Z	state/train1_midterm_lp_1p5m_13_04_2026_18_19_00/checkpoint/state_dict_28000.ckpt	3	3	12	False	1000	1000	neighbor_matching	2
midterm+lp	covid19_twitter+pl	0.5361362211	reported_legacy	xdm68jy7	eval_midterm_lp_to_covid19_twitter_pl_3shot_04_05_2026_23_43_23	2026-05-05T06:43:28Z	state/train1_midterm_lp_1p5m_13_04_2026_18_19_00/checkpoint/state_dict_28000.ckpt	3	2	12	False	1000	1000	classification	2
midterm+lp	covid_political+nm	0.6737739259	reported_legacy	abu0m71p	eval_midterm_lp_to_covid_political_nm_3shot_04_05_2026_23_42_55	2026-05-05T06:42:57Z	state/train1_midterm_lp_1p5m_13_04_2026_18_19_00/checkpoint/state_dict_28000.ckpt	3	3	12	False	500	500	neighbor_matching	2
midterm+lp	covid_political+pl	0.6537092650	reported_legacy	ojfbhyu9	eval_midterm_lp_to_covid_political_pl_3shot_04_05_2026_23_46_14	2026-05-05T06:46:16Z	state/train1_midterm_lp_1p5m_13_04_2026_18_19_00/checkpoint/state_dict_28000.ckpt	3	2	12	False	500	500	classification	2
midterm+lp	election2020+nm	0.7159100216	reported_legacy	1cv0ir4c	eval_midterm_lp_to_election2020_nm_3shot_05_05_2026_00_06_06	2026-05-05T07:06:08Z	state/train1_midterm_lp_1p5m_13_04_2026_18_19_00/checkpoint/state_dict_28000.ckpt	3	3	12	False	500	500	neighbor_matching	2
midterm+lp	election2020+pl	0.8472460417	reported_legacy	gle0wxr1	eval_midterm_lp_to_election2020_pl_3shot_05_05_2026_00_15_15	2026-05-05T07:15:18Z	state/train1_midterm_lp_1p5m_13_04_2026_18_19_00/checkpoint/state_dict_28000.ckpt	3	2	12	False	500	500	classification	2
midterm+lp	midterm+lp	0.8339264663	void_pre_20260723	w6hxd2fn	eval_midterm_lp_to_midterm_lp_3shot_04_05_2026_23_13_11	2026-05-05T06:13:13Z	state/train1_midterm_lp_1p5m_13_04_2026_18_19_00/checkpoint/state_dict_28000.ckpt	3	1	12	False	1000	1000	temporal_link_prediction	2
midterm+lp	midterm+nm	0.8737908862	reported_legacy	97va6cr2	eval_midterm_lp_to_midterm_nm_3shot_04_05_2026_23_47_56	2026-05-05T06:47:59Z	state/train1_midterm_lp_1p5m_13_04_2026_18_19_00/checkpoint/state_dict_28000.ckpt	3	3	12	False	1000	1000	neighbor_matching	2
midterm+lp	midterm+pl	0.9613890949	reported_legacy	gqjqcuzr	eval_midterm_lp_to_midterm_pl_3shot_04_05_2026_23_51_39	2026-05-05T06:51:42Z	state/train1_midterm_lp_1p5m_13_04_2026_18_19_00/checkpoint/state_dict_28000.ckpt	3	2	12	False	1000	1000	classification	2
midterm+lp	ukr_rus_suspended+nm	0.6065846478	reported_legacy	tfv2ezpq	eval_midterm_lp_to_ukr_rus_suspended_nm_3shot_04_05_2026_23_58_29	2026-05-05T06:58:31Z	state/train1_midterm_lp_1p5m_13_04_2026_18_19_00/checkpoint/state_dict_28000.ckpt	3	3	12	False	500	500	neighbor_matching	2
midterm+lp	ukr_rus_suspended+pl	0.5015543750	reported_legacy	uwddp9m9	eval_midterm_lp_to_ukr_rus_suspended_pl_3shot_05_05_2026_00_01_20	2026-05-05T07:01:22Z	state/train1_midterm_lp_1p5m_13_04_2026_18_19_00/checkpoint/state_dict_28000.ckpt	3	2	12	False	500	500	classification	2
midterm+lp	ukr_rus_twitter+lp	0.6506685947	void_pre_20260723	rxa0fykc	eval_midterm_lp_to_ukr_rus_twitter_lp_3shot_04_05_2026_23_23_07	2026-05-05T06:23:18Z	state/train1_midterm_lp_1p5m_13_04_2026_18_19_00/checkpoint/state_dict_28000.ckpt	3	1	12	False	1000	1000	temporal_link_prediction	2
midterm+lp	ukr_rus_twitter+nm	0.8074940699	reported_legacy	6d54jb4q	eval_midterm_lp_to_ukr_rus_twitter_nm_3shot_04_05_2026_23_45_10	2026-05-05T06:45:14Z	state/train1_midterm_lp_1p5m_13_04_2026_18_19_00/checkpoint/state_dict_28000.ckpt	3	3	12	False	1000	1000	neighbor_matching	2
midterm+lp	ukr_rus_twitter+pl	0.6281157497	reported_legacy	ihvhuwj0	eval_midterm_lp_to_ukr_rus_twitter_pl_3shot_04_05_2026_23_48_28	2026-05-05T06:48:33Z	state/train1_midterm_lp_1p5m_13_04_2026_18_19_00/checkpoint/state_dict_28000.ckpt	3	2	12	False	1000	1000	classification	2
midterm+nm	covid19_twitter+lp	0.7643091711	void_pre_20260723	dyuai84h	eval_midterm_nm_to_covid19_twitter_lp_3shot_04_05_2026_23_00_31	2026-05-05T06:00:40Z	state/train1_midterm_nm_1p5m_13_04_2026_18_03_58/checkpoint/state_dict_40000.ckpt	3	1	12	False	1000	1000	temporal_link_prediction	2
midterm+nm	covid19_twitter+nm	0.9835197354	reported_legacy	8ratcm2d	eval_midterm_nm_to_covid19_twitter_nm_3shot_04_05_2026_23_35_31	2026-05-05T06:35:35Z	state/train1_midterm_nm_1p5m_13_04_2026_18_03_58/checkpoint/state_dict_40000.ckpt	3	3	12	False	1000	1000	neighbor_matching	2
midterm+nm	covid19_twitter+pl	0.5260104357	reported_legacy	zbin64a9	eval_midterm_nm_to_covid19_twitter_pl_3shot_04_05_2026_23_37_39	2026-05-05T06:37:44Z	state/train1_midterm_nm_1p5m_13_04_2026_18_03_58/checkpoint/state_dict_40000.ckpt	3	2	12	False	1000	1000	classification	2
midterm+nm	covid_political+nm	0.7174993331	reported_legacy	vtwq56g7	eval_midterm_nm_to_covid_political_nm_3shot_04_05_2026_23_35_29	2026-05-05T06:35:30Z	state/train1_midterm_nm_1p5m_13_04_2026_18_03_58/checkpoint/state_dict_40000.ckpt	3	3	12	False	500	500	neighbor_matching	2
midterm+nm	covid_political+pl	0.6012801117	reported_legacy	bhlzj40j	eval_midterm_nm_to_covid_political_pl_3shot_04_05_2026_23_38_44	2026-05-05T06:38:46Z	state/train1_midterm_nm_1p5m_13_04_2026_18_03_58/checkpoint/state_dict_40000.ckpt	3	2	12	False	500	500	classification	2
midterm+nm	election2020+nm	0.7088707194	reported_legacy	wvdvgxp4	eval_midterm_nm_to_election2020_nm_3shot_04_05_2026_23_43_47	2026-05-05T06:43:50Z	state/train1_midterm_nm_1p5m_13_04_2026_18_03_58/checkpoint/state_dict_40000.ckpt	3	3	12	False	500	500	neighbor_matching	2
midterm+nm	election2020+pl	0.7005255528	reported_legacy	xxfcvpie	eval_midterm_nm_to_election2020_pl_3shot_04_05_2026_23_52_29	2026-05-05T06:52:33Z	state/train1_midterm_nm_1p5m_13_04_2026_18_03_58/checkpoint/state_dict_40000.ckpt	3	2	12	False	500	500	classification	2
midterm+nm	midterm+lp	0.7759210510	void_pre_20260723	j8ab2ga5	eval_midterm_nm_to_midterm_lp_3shot_04_05_2026_23_02_04	2026-05-05T06:02:07Z	state/train1_midterm_nm_1p5m_13_04_2026_18_03_58/checkpoint/state_dict_40000.ckpt	3	1	12	False	1000	1000	temporal_link_prediction	2
midterm+nm	midterm+nm	0.9640368273	reported_legacy	d6aj2nmd	eval_midterm_nm_to_midterm_nm_3shot_04_05_2026_23_37_05	2026-05-05T06:37:07Z	state/train1_midterm_nm_1p5m_13_04_2026_18_03_58/checkpoint/state_dict_40000.ckpt	3	3	12	False	1000	1000	neighbor_matching	2
midterm+nm	midterm+pl	0.9824527679	reported_legacy	x6ptgi53	eval_midterm_nm_to_midterm_pl_3shot_04_05_2026_23_40_56	2026-05-05T06:41:00Z	state/train1_midterm_nm_1p5m_13_04_2026_18_03_58/checkpoint/state_dict_40000.ckpt	3	2	12	False	1000	1000	classification	2
midterm+nm	ukr_rus_suspended+nm	0.7083412402	reported_legacy	hxtmu4op	eval_midterm_nm_to_ukr_rus_suspended_nm_3shot_04_05_2026_23_51_30	2026-05-05T06:51:31Z	state/train1_midterm_nm_1p5m_13_04_2026_18_03_58/checkpoint/state_dict_40000.ckpt	3	3	12	False	500	500	neighbor_matching	2
midterm+nm	ukr_rus_suspended+pl	0.5049977283	reported_legacy	ib9h6dms	eval_midterm_nm_to_ukr_rus_suspended_pl_3shot_04_05_2026_23_54_20	2026-05-05T06:54:21Z	state/train1_midterm_nm_1p5m_13_04_2026_18_03_58/checkpoint/state_dict_40000.ckpt	3	2	12	False	500	500	classification	2
midterm+nm	ukr_rus_twitter+lp	0.6984594507	void_pre_20260723	wiasi8cq	eval_midterm_nm_to_ukr_rus_twitter_lp_3shot_04_05_2026_23_07_35	2026-05-05T06:07:48Z	state/train1_midterm_nm_1p5m_13_04_2026_18_03_58/checkpoint/state_dict_40000.ckpt	3	1	12	False	1000	1000	temporal_link_prediction	2
midterm+nm	ukr_rus_twitter+nm	0.9720047040	reported_legacy	e4ieesrp	eval_midterm_nm_to_ukr_rus_twitter_nm_3shot_04_05_2026_23_36_10	2026-05-05T06:36:15Z	state/train1_midterm_nm_1p5m_13_04_2026_18_03_58/checkpoint/state_dict_40000.ckpt	3	3	12	False	1000	1000	neighbor_matching	2
midterm+nm	ukr_rus_twitter+pl	0.6186778151	reported_legacy	rcwdb3f0	eval_midterm_nm_to_ukr_rus_twitter_pl_3shot_04_05_2026_23_39_33	2026-05-05T06:39:37Z	state/train1_midterm_nm_1p5m_13_04_2026_18_03_58/checkpoint/state_dict_40000.ckpt	3	2	12	False	1000	1000	classification	2
midterm+pl	covid19_twitter+lp	0.5847167043	void_pre_20260723	c4tle2cl	eval_midterm_pl_to_covid19_twitter_lp_3shot_04_05_2026_23_18_11	2026-05-05T06:18:17Z	state/train1_midterm_pl_1p5m_13_04_2026_17_14_38/checkpoint/state_dict_22000.ckpt	3	1	12	False	1000	1000	temporal_link_prediction	2
midterm+pl	covid19_twitter+nm	0.6489940128	reported_legacy	88usrorb	eval_midterm_pl_to_covid19_twitter_nm_3shot_04_05_2026_23_46_49	2026-05-05T06:46:53Z	state/train1_midterm_pl_1p5m_13_04_2026_17_14_38/checkpoint/state_dict_22000.ckpt	3	3	12	False	1000	1000	neighbor_matching	2
midterm+pl	covid19_twitter+pl	0.4446873457	reported_legacy	hi95lh3l	eval_midterm_pl_to_covid19_twitter_pl_3shot_04_05_2026_23_48_54	2026-05-05T06:49:01Z	state/train1_midterm_pl_1p5m_13_04_2026_17_14_38/checkpoint/state_dict_22000.ckpt	3	2	12	False	1000	1000	classification	2
midterm+pl	covid_political+nm	0.5547339450	reported_legacy	qimjwyfw	eval_midterm_pl_to_covid_political_nm_3shot_04_05_2026_23_50_27	2026-05-05T06:50:29Z	state/train1_midterm_pl_1p5m_13_04_2026_17_14_38/checkpoint/state_dict_22000.ckpt	3	3	12	False	500	500	neighbor_matching	2
midterm+pl	covid_political+pl	0.5974225350	reported_legacy	wwk18bul	eval_midterm_pl_to_covid_political_pl_3shot_04_05_2026_23_53_36	2026-05-05T06:53:38Z	state/train1_midterm_pl_1p5m_13_04_2026_17_14_38/checkpoint/state_dict_22000.ckpt	3	2	12	False	500	500	classification	2
midterm+pl	election2020+nm	0.6160326356	reported_legacy	llowcug8	eval_midterm_pl_to_election2020_nm_3shot_05_05_2026_00_29_01	2026-05-05T07:29:04Z	state/train1_midterm_pl_1p5m_13_04_2026_17_14_38/checkpoint/state_dict_22000.ckpt	3	3	12	False	500	500	neighbor_matching	2
midterm+pl	election2020+pl	0.7226268500	reported_legacy	wtyken3i	eval_midterm_pl_to_election2020_pl_3shot_05_05_2026_00_37_58	2026-05-05T07:38:00Z	state/train1_midterm_pl_1p5m_13_04_2026_17_14_38/checkpoint/state_dict_22000.ckpt	3	2	12	False	500	500	classification	2
midterm+pl	midterm+lp	0.5083317393	void_pre_20260723	31oqryxk	eval_midterm_pl_to_midterm_lp_3shot_04_05_2026_23_23_21	2026-05-05T06:23:24Z	state/train1_midterm_pl_1p5m_13_04_2026_17_14_38/checkpoint/state_dict_22000.ckpt	3	1	12	False	1000	1000	temporal_link_prediction	2
midterm+pl	midterm+nm	0.6971500332	reported_legacy	zkig06qy	eval_midterm_pl_to_midterm_nm_3shot_04_05_2026_23_58_28	2026-05-05T06:58:30Z	state/train1_midterm_pl_1p5m_13_04_2026_17_14_38/checkpoint/state_dict_22000.ckpt	3	3	12	False	1000	1000	neighbor_matching	2
midterm+pl	midterm+pl	0.9895654469	reported_legacy	4byc7g5t	eval_midterm_pl_to_midterm_pl_3shot_05_05_2026_00_02_11	2026-05-05T07:02:15Z	state/train1_midterm_pl_1p5m_13_04_2026_17_14_38/checkpoint/state_dict_22000.ckpt	3	2	12	False	1000	1000	classification	2
midterm+pl	ukr_rus_suspended+nm	0.5385004734	reported_legacy	s1bhxwq3	eval_midterm_pl_to_ukr_rus_suspended_nm_3shot_05_05_2026_00_05_28	2026-05-05T07:05:30Z	state/train1_midterm_pl_1p5m_13_04_2026_17_14_38/checkpoint/state_dict_22000.ckpt	3	3	12	False	500	500	neighbor_matching	2
midterm+pl	ukr_rus_suspended+pl	0.4949821839	reported_legacy	9sdcs26z	eval_midterm_pl_to_ukr_rus_suspended_pl_3shot_05_05_2026_00_08_18	2026-05-05T07:08:21Z	state/train1_midterm_pl_1p5m_13_04_2026_17_14_38/checkpoint/state_dict_22000.ckpt	3	2	12	False	500	500	classification	2
midterm+pl	ukr_rus_twitter+lp	0.5764418394	void_pre_20260723	3im0i73j	eval_midterm_pl_to_ukr_rus_twitter_lp_3shot_14_04_2026_00_44_50	2026-04-14T07:44:55Z	state/train1_midterm_pl_1p5m_13_04_2026_17_14_38/checkpoint/state_dict_22000.ckpt	3	1	12		1000	1000	temporal_link_prediction	2
midterm+pl	ukr_rus_twitter+nm	0.6509869260	reported_legacy	qyzpdlab	eval_midterm_pl_to_ukr_rus_twitter_nm_3shot_04_05_2026_23_54_01	2026-05-05T06:54:06Z	state/train1_midterm_pl_1p5m_13_04_2026_17_14_38/checkpoint/state_dict_22000.ckpt	3	3	12	False	1000	1000	neighbor_matching	2
midterm+pl	ukr_rus_twitter+pl	0.4580338760	reported_legacy	kb70zl4h	eval_midterm_pl_to_ukr_rus_twitter_pl_3shot_04_05_2026_23_57_18	2026-05-05T06:57:28Z	state/train1_midterm_pl_1p5m_13_04_2026_17_14_38/checkpoint/state_dict_22000.ckpt	3	2	12	False	1000	1000	classification	2
ukr_rus_twitter+lp	covid19_twitter+lp	0.8573320965	void_pre_20260723	xa4vkht6	eval_ukr_rus_twitter_lp_to_covid19_twitter_lp_3shot_13_04_2026_22_07_03	2026-04-14T05:07:08Z	state/train1_ukr_rus_twitter_lp_1p5m_13_04_2026_17_00_47/checkpoint/state_dict_28000.ckpt	3	1	12		1000	1000	temporal_link_prediction	2
ukr_rus_twitter+lp	covid19_twitter+nm	0.9174163219	reported_legacy	tfi6fmu9	eval_ukr_rus_twitter_lp_to_covid19_twitter_nm_3shot_04_05_2026_23_57_48	2026-05-05T06:57:52Z	state/train1_ukr_rus_twitter_lp_1p5m_13_04_2026_17_00_47/checkpoint/state_dict_28000.ckpt	3	3	12	False	1000	1000	neighbor_matching	2
ukr_rus_twitter+lp	covid19_twitter+pl	0.5438706463	reported_legacy	ooktycn6	eval_ukr_rus_twitter_lp_to_covid19_twitter_pl_3shot_04_05_2026_23_59_47	2026-05-05T06:59:52Z	state/train1_ukr_rus_twitter_lp_1p5m_13_04_2026_17_00_47/checkpoint/state_dict_28000.ckpt	3	2	12	False	1000	1000	classification	2
ukr_rus_twitter+lp	covid_political+nm	0.5950178806	reported_legacy	bohax427	eval_ukr_rus_twitter_lp_to_covid_political_nm_3shot_05_05_2026_00_04_55	2026-05-05T07:04:56Z	state/train1_ukr_rus_twitter_lp_1p5m_13_04_2026_17_00_47/checkpoint/state_dict_28000.ckpt	3	3	12	False	500	500	neighbor_matching	2
ukr_rus_twitter+lp	covid_political+pl	0.5702749022	reported_legacy	c8skjkrf	eval_ukr_rus_twitter_lp_to_covid_political_pl_3shot_05_05_2026_00_08_08	2026-05-05T07:08:10Z	state/train1_ukr_rus_twitter_lp_1p5m_13_04_2026_17_00_47/checkpoint/state_dict_28000.ckpt	3	2	12	False	500	500	classification	2
ukr_rus_twitter+lp	election2020+nm	0.6681031857	reported_legacy	ipaba1x8	eval_ukr_rus_twitter_lp_to_election2020_nm_3shot_05_05_2026_01_15_13	2026-05-05T08:15:15Z	state/train1_ukr_rus_twitter_lp_1p5m_13_04_2026_17_00_47/checkpoint/state_dict_28000.ckpt	3	3	12	False	500	500	neighbor_matching	2
ukr_rus_twitter+lp	election2020+pl	0.6813215289	reported_legacy	69i4jlns	eval_ukr_rus_twitter_lp_to_election2020_pl_3shot_05_05_2026_01_24_31	2026-05-05T08:24:43Z	state/train1_ukr_rus_twitter_lp_1p5m_13_04_2026_17_00_47/checkpoint/state_dict_28000.ckpt	3	2	12	False	500	500	classification	2
ukr_rus_twitter+lp	midterm+lp	0.7662499675	void_pre_20260723	80xpta0a	eval_ukr_rus_twitter_lp_to_midterm_lp_3shot_13_04_2026_22_03_52	2026-04-14T05:03:54Z	state/train1_ukr_rus_twitter_lp_1p5m_13_04_2026_17_00_47/checkpoint/state_dict_28000.ckpt	3	1	12		1000	1000	temporal_link_prediction	2
ukr_rus_twitter+lp	midterm+nm	0.8273715897	reported_legacy	jvvic739	eval_ukr_rus_twitter_lp_to_midterm_nm_3shot_05_05_2026_00_19_28	2026-05-05T07:19:30Z	state/train1_ukr_rus_twitter_lp_1p5m_13_04_2026_17_00_47/checkpoint/state_dict_28000.ckpt	3	3	12	False	1000	1000	neighbor_matching	2
ukr_rus_twitter+lp	midterm+pl	0.5286291771	reported_legacy	o88tptbh	eval_ukr_rus_twitter_lp_to_midterm_pl_3shot_05_05_2026_00_23_10	2026-05-05T07:23:12Z	state/train1_ukr_rus_twitter_lp_1p5m_13_04_2026_17_00_47/checkpoint/state_dict_28000.ckpt	3	2	12	False	1000	1000	classification	2
ukr_rus_twitter+lp	ukr_rus_suspended+nm	0.6391909473	reported_legacy	huvy9dco	eval_ukr_rus_twitter_lp_to_ukr_rus_suspended_nm_3shot_05_05_2026_00_19_21	2026-05-05T07:19:23Z	state/train1_ukr_rus_twitter_lp_1p5m_13_04_2026_17_00_47/checkpoint/state_dict_28000.ckpt	3	3	12	False	500	500	neighbor_matching	2
ukr_rus_twitter+lp	ukr_rus_suspended+pl	0.5096541511	reported_legacy	8hxosp5r	eval_ukr_rus_twitter_lp_to_ukr_rus_suspended_pl_3shot_05_05_2026_00_22_13	2026-05-05T07:22:14Z	state/train1_ukr_rus_twitter_lp_1p5m_13_04_2026_17_00_47/checkpoint/state_dict_28000.ckpt	3	2	12	False	500	500	classification	2
ukr_rus_twitter+lp	ukr_rus_twitter+lp	0.9210111807	void_pre_20260723	e8bx3imo	eval_ukr_rus_twitter_lp_to_ukr_rus_twitter_lp_3shot_13_04_2026_22_05_05	2026-04-14T05:05:09Z	state/train1_ukr_rus_twitter_lp_1p5m_13_04_2026_17_00_47/checkpoint/state_dict_28000.ckpt	3	1	12		1000	1000	temporal_link_prediction	2
ukr_rus_twitter+lp	ukr_rus_twitter+nm	0.9477537864	reported_legacy	2qek0nz0	eval_ukr_rus_twitter_lp_to_ukr_rus_twitter_nm_3shot_05_05_2026_00_11_57	2026-05-05T07:12:02Z	state/train1_ukr_rus_twitter_lp_1p5m_13_04_2026_17_00_47/checkpoint/state_dict_28000.ckpt	3	3	12	False	1000	1000	neighbor_matching	2
ukr_rus_twitter+lp	ukr_rus_twitter+pl	0.7968904753	reported_legacy	9j8ugfgk	eval_ukr_rus_twitter_lp_to_ukr_rus_twitter_pl_3shot_05_05_2026_00_15_17	2026-05-05T07:15:26Z	state/train1_ukr_rus_twitter_lp_1p5m_13_04_2026_17_00_47/checkpoint/state_dict_28000.ckpt	3	2	12	False	1000	1000	classification	2
ukr_rus_twitter+nm	covid19_twitter+lp	0.8299639494	void_pre_20260723	djego11d	eval_ukr_rus_twitter_nm_to_covid19_twitter_lp_3shot_04_05_2026_23_26_03	2026-05-05T06:26:09Z	state/train1_ukr_rus_twitter_nm_1p5m_13_04_2026_12_40_49/checkpoint/state_dict_40000.ckpt	3	1	12	False	1000	1000	temporal_link_prediction	2
ukr_rus_twitter+nm	covid19_twitter+nm	0.9886702278	reported_legacy	4arw8ezm	eval_ukr_rus_twitter_nm_to_covid19_twitter_nm_3shot_04_05_2026_23_52_22	2026-05-05T06:52:27Z	state/train1_ukr_rus_twitter_nm_1p5m_13_04_2026_12_40_49/checkpoint/state_dict_40000.ckpt	3	3	12	False	1000	1000	neighbor_matching	2
ukr_rus_twitter+nm	covid19_twitter+pl	0.5346862328	reported_legacy	80jx7l8x	eval_ukr_rus_twitter_nm_to_covid19_twitter_pl_3shot_04_05_2026_23_54_28	2026-05-05T06:54:34Z	state/train1_ukr_rus_twitter_nm_1p5m_13_04_2026_12_40_49/checkpoint/state_dict_40000.ckpt	3	2	12	False	1000	1000	classification	2
ukr_rus_twitter+nm	covid_political+nm	0.7282563158	reported_legacy	9qhhvtan	eval_ukr_rus_twitter_nm_to_covid_political_nm_3shot_04_05_2026_23_57_41	2026-05-05T06:57:43Z	state/train1_ukr_rus_twitter_nm_1p5m_13_04_2026_12_40_49/checkpoint/state_dict_40000.ckpt	3	3	12	False	500	500	neighbor_matching	2
ukr_rus_twitter+nm	covid_political+pl	0.6293338900	reported_legacy	n168ecig	eval_ukr_rus_twitter_nm_to_covid_political_pl_3shot_05_05_2026_00_00_50	2026-05-05T07:00:52Z	state/train1_ukr_rus_twitter_nm_1p5m_13_04_2026_12_40_49/checkpoint/state_dict_40000.ckpt	3	2	12	False	500	500	classification	2
ukr_rus_twitter+nm	election2020+nm	0.7274617470	reported_legacy	7os4lvbu	eval_ukr_rus_twitter_nm_to_election2020_nm_3shot_05_05_2026_00_52_02	2026-05-05T07:52:04Z	state/train1_ukr_rus_twitter_nm_1p5m_13_04_2026_12_40_49/checkpoint/state_dict_40000.ckpt	3	3	12	False	500	500	neighbor_matching	2
ukr_rus_twitter+nm	election2020+pl	0.8157031267	reported_legacy	2sccm03i	eval_ukr_rus_twitter_nm_to_election2020_pl_3shot_05_05_2026_01_01_06	2026-05-05T08:01:08Z	state/train1_ukr_rus_twitter_nm_1p5m_13_04_2026_12_40_49/checkpoint/state_dict_40000.ckpt	3	2	12	False	500	500	classification	2
ukr_rus_twitter+nm	midterm+lp	0.7018214185	void_pre_20260723	gfeimxt9	eval_ukr_rus_twitter_nm_to_midterm_lp_3shot_13_04_2026_21_43_56	2026-04-14T04:43:58Z	state/train1_ukr_rus_twitter_nm_1p5m_13_04_2026_12_40_49/checkpoint/state_dict_40000.ckpt	3	1	12		1000	1000	temporal_link_prediction	2
ukr_rus_twitter+nm	midterm+nm	0.9341270268	reported_legacy	hxgjjkcm	eval_ukr_rus_twitter_nm_to_midterm_nm_3shot_05_05_2026_00_08_57	2026-05-05T07:08:59Z	state/train1_ukr_rus_twitter_nm_1p5m_13_04_2026_12_40_49/checkpoint/state_dict_40000.ckpt	3	3	12	False	1000	1000	neighbor_matching	2
ukr_rus_twitter+nm	midterm+pl	0.7813027107	reported_legacy	agjkcwzt	eval_ukr_rus_twitter_nm_to_midterm_pl_3shot_05_05_2026_00_12_39	2026-05-05T07:12:42Z	state/train1_ukr_rus_twitter_nm_1p5m_13_04_2026_12_40_49/checkpoint/state_dict_40000.ckpt	3	2	12	False	1000	1000	classification	2
ukr_rus_twitter+nm	ukr_rus_suspended+nm	0.7468597513	reported_legacy	tv67ngbr	eval_ukr_rus_twitter_nm_to_ukr_rus_suspended_nm_3shot_05_05_2026_00_12_27	2026-05-05T07:12:28Z	state/train1_ukr_rus_twitter_nm_1p5m_13_04_2026_12_40_49/checkpoint/state_dict_40000.ckpt	3	3	12	False	500	500	neighbor_matching	2
ukr_rus_twitter+nm	ukr_rus_suspended+pl	0.5057722639	reported_legacy	8f33xtag	eval_ukr_rus_twitter_nm_to_ukr_rus_suspended_pl_3shot_05_05_2026_00_15_16	2026-05-05T07:15:18Z	state/train1_ukr_rus_twitter_nm_1p5m_13_04_2026_12_40_49/checkpoint/state_dict_40000.ckpt	3	2	12	False	500	500	classification	2
ukr_rus_twitter+nm	ukr_rus_twitter+lp	0.8074498782	void_pre_20260723	ps6gdafx	eval_ukr_rus_twitter_nm_to_ukr_rus_twitter_lp_3shot_13_04_2026_21_50_24	2026-04-14T04:50:27Z	state/train1_ukr_rus_twitter_nm_1p5m_13_04_2026_12_40_49/checkpoint/state_dict_40000.ckpt	3	1	12		1000	1000	temporal_link_prediction	2
ukr_rus_twitter+nm	ukr_rus_twitter+nm	0.9912666024	reported_legacy	qbnk0non	eval_ukr_rus_twitter_nm_to_ukr_rus_twitter_nm_3shot_05_05_2026_00_03_03	2026-05-05T07:03:08Z	state/train1_ukr_rus_twitter_nm_1p5m_13_04_2026_12_40_49/checkpoint/state_dict_40000.ckpt	3	3	12	False	1000	1000	neighbor_matching	2
ukr_rus_twitter+nm	ukr_rus_twitter+pl	0.8145446225	reported_legacy	xlfglclj	eval_ukr_rus_twitter_nm_to_ukr_rus_twitter_pl_3shot_05_05_2026_00_06_24	2026-05-05T07:06:29Z	state/train1_ukr_rus_twitter_nm_1p5m_13_04_2026_12_40_49/checkpoint/state_dict_40000.ckpt	3	2	12	False	1000	1000	classification	2
ukr_rus_twitter+pl	covid19_twitter+lp	0.5078920243	void_pre_20260723	oa5cf1de	eval_ukr_rus_twitter_pl_to_covid19_twitter_lp_3shot_13_04_2026_22_22_55	2026-04-14T05:23:00Z	state/train1_ukr_rus_twitter_pl_1p5m_13_04_2026_11_30_52/checkpoint/state_dict_22000.ckpt	3	1	12		1000	1000	temporal_link_prediction	2
ukr_rus_twitter+pl	covid19_twitter+nm	0.6732075114	reported_legacy	qxv72u0w	eval_ukr_rus_twitter_pl_to_covid19_twitter_nm_3shot_05_05_2026_00_03_11	2026-05-05T07:03:15Z	state/train1_ukr_rus_twitter_pl_1p5m_13_04_2026_11_30_52/checkpoint/state_dict_22000.ckpt	3	3	12	False	1000	1000	neighbor_matching	2
ukr_rus_twitter+pl	covid19_twitter+pl	0.5329375604	reported_legacy	cm4onkar	eval_ukr_rus_twitter_pl_to_covid19_twitter_pl_3shot_05_05_2026_00_05_14	2026-05-05T07:05:20Z	state/train1_ukr_rus_twitter_pl_1p5m_13_04_2026_11_30_52/checkpoint/state_dict_22000.ckpt	3	2	12	False	1000	1000	classification	2
ukr_rus_twitter+pl	covid_political+nm	0.5077179777	reported_legacy	m94cvmoj	eval_ukr_rus_twitter_pl_to_covid_political_nm_3shot_05_05_2026_00_12_12	2026-05-05T07:12:14Z	state/train1_ukr_rus_twitter_pl_1p5m_13_04_2026_11_30_52/checkpoint/state_dict_22000.ckpt	3	3	12	False	500	500	neighbor_matching	2
ukr_rus_twitter+pl	covid_political+pl	0.4710770261	reported_legacy	ea59gzpt	eval_ukr_rus_twitter_pl_to_covid_political_pl_3shot_05_05_2026_00_15_17	2026-05-05T07:15:19Z	state/train1_ukr_rus_twitter_pl_1p5m_13_04_2026_11_30_52/checkpoint/state_dict_22000.ckpt	3	2	12	False	500	500	classification	2
ukr_rus_twitter+pl	election2020+nm	0.5222279642	reported_legacy	fwkxegri	eval_ukr_rus_twitter_pl_to_election2020_nm_3shot_05_05_2026_01_38_16	2026-05-05T08:38:19Z	state/train1_ukr_rus_twitter_pl_1p5m_13_04_2026_11_30_52/checkpoint/state_dict_22000.ckpt	3	3	12	False	500	500	neighbor_matching	2
ukr_rus_twitter+pl	election2020+pl	0.5119741494	reported_legacy	buguczgc	eval_ukr_rus_twitter_pl_to_election2020_pl_3shot_05_05_2026_01_47_02	2026-05-05T08:47:05Z	state/train1_ukr_rus_twitter_pl_1p5m_13_04_2026_11_30_52/checkpoint/state_dict_22000.ckpt	3	2	12	False	500	500	classification	2
ukr_rus_twitter+pl	midterm+lp	0.4606711304	void_pre_20260723	eivavtcf	eval_ukr_rus_twitter_pl_to_midterm_lp_3shot_13_04_2026_22_23_56	2026-04-14T05:23:58Z	state/train1_ukr_rus_twitter_pl_1p5m_13_04_2026_11_30_52/checkpoint/state_dict_22000.ckpt	3	1	12		1000	1000	temporal_link_prediction	2
ukr_rus_twitter+pl	midterm+nm	0.6068977670	reported_legacy	1b4gyz9v	eval_ukr_rus_twitter_pl_to_midterm_nm_3shot_05_05_2026_00_30_00	2026-05-05T07:30:02Z	state/train1_ukr_rus_twitter_pl_1p5m_13_04_2026_11_30_52/checkpoint/state_dict_22000.ckpt	3	3	12	False	1000	1000	neighbor_matching	2
ukr_rus_twitter+pl	midterm+pl	0.5466698069	reported_legacy	6ldcqu02	eval_ukr_rus_twitter_pl_to_midterm_pl_3shot_05_05_2026_00_33_42	2026-05-05T07:33:44Z	state/train1_ukr_rus_twitter_pl_1p5m_13_04_2026_11_30_52/checkpoint/state_dict_22000.ckpt	3	2	12	False	1000	1000	classification	2
ukr_rus_twitter+pl	ukr_rus_suspended+nm	0.5122751365	reported_legacy	ky652ivk	eval_ukr_rus_twitter_pl_to_ukr_rus_suspended_nm_3shot_05_05_2026_00_26_16	2026-05-05T07:26:18Z	state/train1_ukr_rus_twitter_pl_1p5m_13_04_2026_11_30_52/checkpoint/state_dict_22000.ckpt	3	3	12	False	500	500	neighbor_matching	2
ukr_rus_twitter+pl	ukr_rus_suspended+pl	0.4971418672	reported_legacy	vgjg8pi8	eval_ukr_rus_twitter_pl_to_ukr_rus_suspended_pl_3shot_05_05_2026_00_29_07	2026-05-05T07:29:09Z	state/train1_ukr_rus_twitter_pl_1p5m_13_04_2026_11_30_52/checkpoint/state_dict_22000.ckpt	3	2	12	False	500	500	classification	2
ukr_rus_twitter+pl	ukr_rus_twitter+lp	0.5310399528	void_pre_20260723	5lvl877d	eval_ukr_rus_twitter_pl_to_ukr_rus_twitter_lp_3shot_13_04_2026_22_19_47	2026-04-14T05:19:50Z	state/train1_ukr_rus_twitter_pl_1p5m_13_04_2026_11_30_52/checkpoint/state_dict_22000.ckpt	3	1	12		1000	1000	temporal_link_prediction	2
ukr_rus_twitter+pl	ukr_rus_twitter+nm	0.7318797348	reported_legacy	f2l4jsxv	eval_ukr_rus_twitter_pl_to_ukr_rus_twitter_nm_3shot_05_05_2026_00_20_57	2026-05-05T07:21:02Z	state/train1_ukr_rus_twitter_pl_1p5m_13_04_2026_11_30_52/checkpoint/state_dict_22000.ckpt	3	3	12	False	1000	1000	neighbor_matching	2
ukr_rus_twitter+pl	ukr_rus_twitter+pl	0.5225863314	reported_legacy	fax2vv57	eval_ukr_rus_twitter_pl_to_ukr_rus_twitter_pl_3shot_05_05_2026_00_24_15	2026-05-05T07:24:20Z	state/train1_ukr_rus_twitter_pl_1p5m_13_04_2026_11_30_52/checkpoint/state_dict_22000.ckpt	3	2	12	False	1000	1000	classification	2
covid_political+nm	covid19_twitter+lp	0.6367173760	void_pre_20260723	f285v5jh	eval_covid_political_nm_to_covid19_twitter_lp_3shot_04_05_2026_16_43_20	2026-05-04T23:43:26Z	state/train1_covid_political_nm_21_04_2026_00_00_23/checkpoint/state_dict_4000.ckpt	3	1	12	False	1000	1000	temporal_link_prediction	2
covid_political+nm	covid19_twitter+nm	0.9211306008	reported_legacy	vkaulldq	eval_covid_political_nm_to_covid19_twitter_nm_3shot_05_05_2026_00_24_42	2026-05-05T07:24:47Z	state/train1_covid_political_nm_21_04_2026_00_00_23/checkpoint/state_dict_4000.ckpt	3	3	12	False	1000	1000	neighbor_matching	2
covid_political+nm	covid19_twitter+pl	0.5118472054	reported_legacy	c8zv2yno	eval_covid_political_nm_to_covid19_twitter_pl_3shot_05_05_2026_00_26_44	2026-05-05T07:26:51Z	state/train1_covid_political_nm_21_04_2026_00_00_23/checkpoint/state_dict_4000.ckpt	3	2	12	False	1000	1000	classification	2
covid_political+nm	covid_political+nm	0.9176249918	reported_legacy	70wgw1gd	eval_covid_political_nm_to_covid_political_nm_3shot_05_05_2026_00_41_00	2026-05-05T07:41:02Z	state/train1_covid_political_nm_21_04_2026_00_00_23/checkpoint/state_dict_4000.ckpt	3	3	12	False	500	500	neighbor_matching	2
covid_political+nm	covid_political+pl	0.8996143456	reported_legacy	rt0i09oq	eval_covid_political_nm_to_covid_political_pl_3shot_05_05_2026_00_44_11	2026-05-05T07:44:13Z	state/train1_covid_political_nm_21_04_2026_00_00_23/checkpoint/state_dict_4000.ckpt	3	2	12	False	500	500	classification	2
covid_political+nm	election2020+nm	0.8496573333	reported_legacy	4iqiqoqh	eval_covid_political_nm_to_election2020_nm_3shot_20_05_2026_16_18_30	2026-05-20T23:18:33Z	state/train1_covid_political_nm_21_04_2026_00_00_23/checkpoint/state_dict_4000.ckpt	3	3	1	False	500	500	neighbor_matching	2
covid_political+nm	election2020+pl	0.9826240000	reported_legacy	j655ym6l	eval_covid_political_nm_to_election2020_pl_3shot_20_05_2026_16_19_06	2026-05-20T23:19:08Z	state/train1_covid_political_nm_21_04_2026_00_00_23/checkpoint/state_dict_4000.ckpt	3	2	1	False	500	500	classification	2
covid_political+nm	midterm+lp	0.7244932990	void_pre_20260723	mcqut6ou	eval_covid_political_nm_to_midterm_lp_3shot_04_05_2026_16_38_07	2026-05-04T23:38:09Z	state/train1_covid_political_nm_21_04_2026_00_00_23/checkpoint/state_dict_4000.ckpt	3	1	12	False	1000	1000	temporal_link_prediction	2
covid_political+nm	midterm+nm	0.9112282441	reported_legacy	jv2z7rly	eval_covid_political_nm_to_midterm_nm_3shot_05_05_2026_01_12_29	2026-05-05T08:12:31Z	state/train1_covid_political_nm_21_04_2026_00_00_23/checkpoint/state_dict_4000.ckpt	3	3	12	False	1000	1000	neighbor_matching	2
covid_political+nm	midterm+pl	0.9724748861	reported_legacy	06dvj01p	eval_covid_political_nm_to_midterm_pl_3shot_05_05_2026_01_16_17	2026-05-05T08:16:19Z	state/train1_covid_political_nm_21_04_2026_00_00_23/checkpoint/state_dict_4000.ckpt	3	2	12	False	1000	1000	classification	2
covid_political+nm	ukr_rus_suspended+nm	0.7172000000	reported_legacy	x8t6qncy	eval_covid_political_nm_to_ukr_rus_suspended_nm_3shot_20_05_2026_16_06_10	2026-05-20T23:06:12Z	state/train1_covid_political_nm_21_04_2026_00_00_23/checkpoint/state_dict_4000.ckpt	3	3	1	False	500	500	neighbor_matching	2
covid_political+nm	ukr_rus_suspended+pl	0.5065960000	reported_legacy	f0f0gl87	eval_covid_political_nm_to_ukr_rus_suspended_pl_3shot_20_05_2026_16_06_30	2026-05-20T23:06:32Z	state/train1_covid_political_nm_21_04_2026_00_00_23/checkpoint/state_dict_4000.ckpt	3	2	1	False	500	500	classification	2
covid_political+nm	ukr_rus_twitter+lp	0.7209555031	void_pre_20260723	imiligom	eval_covid_political_nm_to_ukr_rus_twitter_lp_3shot_04_05_2026_16_48_36	2026-05-04T23:48:42Z	state/train1_covid_political_nm_21_04_2026_00_00_23/checkpoint/state_dict_4000.ckpt	3	1	12	False	1000	1000	temporal_link_prediction	2
covid_political+nm	ukr_rus_twitter+nm	0.9263965857	reported_legacy	p2mv955v	eval_covid_political_nm_to_ukr_rus_twitter_nm_3shot_05_05_2026_00_56_23	2026-05-05T07:56:27Z	state/train1_covid_political_nm_21_04_2026_00_00_23/checkpoint/state_dict_4000.ckpt	3	3	12	False	1000	1000	neighbor_matching	2
covid_political+nm	ukr_rus_twitter+pl	0.5491197653	reported_legacy	ljwr4kpa	eval_covid_political_nm_to_ukr_rus_twitter_pl_3shot_05_05_2026_00_59_40	2026-05-05T07:59:45Z	state/train1_covid_political_nm_21_04_2026_00_00_23/checkpoint/state_dict_4000.ckpt	3	2	12	False	1000	1000	classification	2
covid_political+pl	covid19_twitter+lp	0.4676849068	void_pre_20260723	yoend3jk	eval_covid_political_pl_to_covid19_twitter_lp_3shot_04_05_2026_18_50_24	2026-05-05T01:50:30Z	state/train1_covid_political_pl_21_04_2026_00_01_34/checkpoint/state_dict_4000.ckpt	3	1	12	False	1000	1000	temporal_link_prediction	2
covid_political+pl	covid19_twitter+nm	0.6912239581	reported_legacy	0npgbwcq	eval_covid_political_pl_to_covid19_twitter_nm_3shot_05_05_2026_00_30_08	2026-05-05T07:30:13Z	state/train1_covid_political_pl_21_04_2026_00_01_34/checkpoint/state_dict_4000.ckpt	3	3	12	False	1000	1000	neighbor_matching	2
covid_political+pl	covid19_twitter+pl	0.5205525769	reported_legacy	hq9io1wa	eval_covid_political_pl_to_covid19_twitter_pl_3shot_05_05_2026_00_32_14	2026-05-05T07:32:18Z	state/train1_covid_political_pl_21_04_2026_00_01_34/checkpoint/state_dict_4000.ckpt	3	2	12	False	1000	1000	classification	2
covid_political+pl	covid_political+nm	0.7962578778	reported_legacy	lydw14i0	eval_covid_political_pl_to_covid_political_nm_3shot_05_05_2026_00_48_10	2026-05-05T07:48:11Z	state/train1_covid_political_pl_21_04_2026_00_01_34/checkpoint/state_dict_4000.ckpt	3	3	12	False	500	500	neighbor_matching	2
covid_political+pl	covid_political+pl	0.9734753083	reported_legacy	6h7993xe	eval_covid_political_pl_to_covid_political_pl_3shot_05_05_2026_00_51_20	2026-05-05T07:51:21Z	state/train1_covid_political_pl_21_04_2026_00_01_34/checkpoint/state_dict_4000.ckpt	3	2	12	False	500	500	classification	2
covid_political+pl	election2020+nm	0.8074826667	reported_legacy	6xmrfspr	eval_covid_political_pl_to_election2020_nm_3shot_20_05_2026_16_21_55	2026-05-20T23:21:58Z	state/train1_covid_political_pl_21_04_2026_00_01_34/checkpoint/state_dict_4000.ckpt	3	3	1	False	500	500	neighbor_matching	2
covid_political+pl	election2020+pl	0.9898720000	reported_legacy	pyvvcwoc	eval_covid_political_pl_to_election2020_pl_3shot_20_05_2026_16_22_30	2026-05-20T23:22:32Z	state/train1_covid_political_pl_21_04_2026_00_01_34/checkpoint/state_dict_4000.ckpt	3	2	1	False	500	500	classification	2
covid_political+pl	midterm+lp	0.4842086543	void_pre_20260723	zrzpifku	eval_covid_political_pl_to_midterm_lp_3shot_04_05_2026_18_50_54	2026-05-05T01:50:57Z	state/train1_covid_political_pl_21_04_2026_00_01_34/checkpoint/state_dict_4000.ckpt	3	1	12	False	1000	1000	temporal_link_prediction	2
covid_political+pl	midterm+nm	0.6485599153	reported_legacy	eowxde64	eval_covid_political_pl_to_midterm_nm_3shot_05_05_2026_01_25_49	2026-05-05T08:26:09Z	state/train1_covid_political_pl_21_04_2026_00_01_34/checkpoint/state_dict_4000.ckpt	3	3	12	False	1000	1000	neighbor_matching	2
covid_political+pl	midterm+pl	0.8130340101	reported_legacy	2w420426	eval_covid_political_pl_to_midterm_pl_3shot_05_05_2026_01_31_03	2026-05-05T08:31:05Z	state/train1_covid_political_pl_21_04_2026_00_01_34/checkpoint/state_dict_4000.ckpt	3	2	12	False	1000	1000	classification	2
covid_political+pl	ukr_rus_suspended+nm	0.5587033333	reported_legacy	tzfwokst	eval_covid_political_pl_to_ukr_rus_suspended_nm_3shot_20_05_2026_16_08_05	2026-05-20T23:08:07Z	state/train1_covid_political_pl_21_04_2026_00_01_34/checkpoint/state_dict_4000.ckpt	3	3	1	False	500	500	neighbor_matching	2
covid_political+pl	ukr_rus_suspended+pl	0.5073320000	reported_legacy	ofbd136a	eval_covid_political_pl_to_ukr_rus_suspended_pl_3shot_20_05_2026_16_08_26	2026-05-20T23:08:28Z	state/train1_covid_political_pl_21_04_2026_00_01_34/checkpoint/state_dict_4000.ckpt	3	2	1	False	500	500	classification	2
covid_political+pl	ukr_rus_twitter+lp	0.4612882961	void_pre_20260723	udij3afh	eval_covid_political_pl_to_ukr_rus_twitter_lp_3shot_04_05_2026_19_07_07	2026-05-05T02:07:13Z	state/train1_covid_political_pl_21_04_2026_00_01_34/checkpoint/state_dict_4000.ckpt	3	1	12	False	1000	1000	temporal_link_prediction	2
covid_political+pl	ukr_rus_twitter+nm	0.6579072672	reported_legacy	rxc05vus	eval_covid_political_pl_to_ukr_rus_twitter_nm_3shot_05_05_2026_01_05_31	2026-05-05T08:05:36Z	state/train1_covid_political_pl_21_04_2026_00_01_34/checkpoint/state_dict_4000.ckpt	3	3	12	False	1000	1000	neighbor_matching	2
covid_political+pl	ukr_rus_twitter+pl	0.5031117144	reported_legacy	eyjag1q0	eval_covid_political_pl_to_ukr_rus_twitter_pl_3shot_05_05_2026_01_08_46	2026-05-05T08:08:51Z	state/train1_covid_political_pl_21_04_2026_00_01_34/checkpoint/state_dict_4000.ckpt	3	2	12	False	1000	1000	classification	2
election2020+nm	covid19_twitter+lp	0.6812300486	void_pre_20260723	tb0a38ln	eval_election2020_nm_to_covid19_twitter_lp_3shot_20_05_2026_17_06_45	2026-05-21T00:07:03Z	state/train1_election2020_nm_21_04_2026_00_07_19/checkpoint/state_dict_3000.ckpt	3	1	12	False	1000	1000	temporal_link_prediction	2
election2020+nm	covid19_twitter+nm	0.9242120816	reported_legacy	8imve02q	eval_election2020_nm_to_covid19_twitter_nm_3shot_20_05_2026_17_05_30	2026-05-21T00:05:52Z	state/train1_election2020_nm_21_04_2026_00_07_19/checkpoint/state_dict_3000.ckpt	3	3	12	False	1000	1000	neighbor_matching	2
election2020+nm	covid19_twitter+pl	0.5246681250	reported_legacy	wmpo96g2	eval_election2020_nm_to_covid19_twitter_pl_3shot_20_05_2026_17_07_28	2026-05-21T00:07:39Z	state/train1_election2020_nm_21_04_2026_00_07_19/checkpoint/state_dict_3000.ckpt	3	2	12	False	1000	1000	classification	2
election2020+nm	covid_political+nm	0.8700204769	reported_legacy	k8j5c0ft	eval_election2020_nm_to_covid_political_nm_3shot_20_05_2026_17_04_46	2026-05-21T00:04:48Z	state/train1_election2020_nm_21_04_2026_00_07_19/checkpoint/state_dict_3000.ckpt	3	3	12	True	500	500	neighbor_matching	2
election2020+nm	covid_political+pl	0.8854240278	reported_legacy	4zo6itb5	eval_election2020_nm_to_covid_political_pl_3shot_20_05_2026_17_05_37	2026-05-21T00:05:39Z	state/train1_election2020_nm_21_04_2026_00_07_19/checkpoint/state_dict_3000.ckpt	3	2	12	True	500	500	classification	2
election2020+nm	election2020+nm	0.8753340000	reported_legacy	m59trmg2	eval_election2020_nm_to_election2020_nm_3shot_20_05_2026_17_04_46	2026-05-21T00:04:51Z	state/train1_election2020_nm_21_04_2026_00_07_19/checkpoint/state_dict_3000.ckpt	3	3	1	False	500	500	neighbor_matching	2
election2020+nm	election2020+pl	0.9836380000	reported_legacy	5uw15t4u	eval_election2020_nm_to_election2020_pl_3shot_20_05_2026_17_05_28	2026-05-21T00:05:32Z	state/train1_election2020_nm_21_04_2026_00_07_19/checkpoint/state_dict_3000.ckpt	3	2	1	False	500	500	classification	2
election2020+nm	midterm+lp	0.6822876736	void_pre_20260723	kf5j9ly7	eval_election2020_nm_to_midterm_lp_3shot_20_05_2026_17_05_28	2026-05-21T00:05:32Z	state/train1_election2020_nm_21_04_2026_00_07_19/checkpoint/state_dict_3000.ckpt	3	1	12	False	1000	1000	temporal_link_prediction	2
election2020+nm	midterm+nm	0.8786104543	reported_legacy	ojljdplk	eval_election2020_nm_to_midterm_nm_3shot_20_05_2026_17_04_46	2026-05-21T00:04:51Z	state/train1_election2020_nm_21_04_2026_00_07_19/checkpoint/state_dict_3000.ckpt	3	3	12	False	1000	1000	neighbor_matching	2
election2020+nm	midterm+pl	0.7597071597	reported_legacy	trrjdvjw	eval_election2020_nm_to_midterm_pl_3shot_20_05_2026_17_06_01	2026-05-21T00:06:04Z	state/train1_election2020_nm_21_04_2026_00_07_19/checkpoint/state_dict_3000.ckpt	3	2	12	False	1000	1000	classification	2
election2020+nm	ukr_rus_suspended+nm	0.7078660000	reported_legacy	4gf1mts4	eval_election2020_nm_to_ukr_rus_suspended_nm_3shot_20_05_2026_17_04_51	2026-05-21T00:04:55Z	state/train1_election2020_nm_21_04_2026_00_07_19/checkpoint/state_dict_3000.ckpt	3	3	1	False	500	500	neighbor_matching	2
election2020+nm	ukr_rus_suspended+pl	0.5096680000	reported_legacy	k12qmphx	eval_election2020_nm_to_ukr_rus_suspended_pl_3shot_20_05_2026_17_05_19	2026-05-21T00:05:23Z	state/train1_election2020_nm_21_04_2026_00_07_19/checkpoint/state_dict_3000.ckpt	3	2	1	False	500	500	classification	2
election2020+nm	ukr_rus_twitter+lp	0.6985671458	void_pre_20260723	epkbblg7	eval_election2020_nm_to_ukr_rus_twitter_lp_3shot_20_05_2026_17_08_19	2026-05-21T00:08:44Z	state/train1_election2020_nm_21_04_2026_00_07_19/checkpoint/state_dict_3000.ckpt	3	1	12	False	1000	1000	temporal_link_prediction	2
election2020+nm	ukr_rus_twitter+nm	0.8986908924	reported_legacy	sfi4pl6a	eval_election2020_nm_to_ukr_rus_twitter_nm_3shot_20_05_2026_17_06_48	2026-05-21T00:07:11Z	state/train1_election2020_nm_21_04_2026_00_07_19/checkpoint/state_dict_3000.ckpt	3	3	12	False	1000	1000	neighbor_matching	2
election2020+nm	ukr_rus_twitter+pl	0.5817645694	reported_legacy	aifyf2mx	eval_election2020_nm_to_ukr_rus_twitter_pl_3shot_20_05_2026_17_09_07	2026-05-21T00:09:18Z	state/train1_election2020_nm_21_04_2026_00_07_19/checkpoint/state_dict_3000.ckpt	3	2	12	False	1000	1000	classification	2
election2020+pl	covid19_twitter+lp	0.4811088542	void_pre_20260723	phxjg00q	eval_election2020_pl_to_covid19_twitter_lp_3shot_20_05_2026_17_08_42	2026-05-21T00:08:51Z	state/train1_election2020_pl_21_04_2026_00_22_36/checkpoint/state_dict_3000.ckpt	3	1	12	False	1000	1000	temporal_link_prediction	2
election2020+pl	covid19_twitter+nm	0.8074107037	reported_legacy	dfmv0d53	eval_election2020_pl_to_covid19_twitter_nm_3shot_20_05_2026_17_07_58	2026-05-21T00:08:12Z	state/train1_election2020_pl_21_04_2026_00_22_36/checkpoint/state_dict_3000.ckpt	3	3	12	False	1000	1000	neighbor_matching	2
election2020+pl	covid19_twitter+pl	0.5112838403	reported_legacy	4vdhr26k	eval_election2020_pl_to_covid19_twitter_pl_3shot_20_05_2026_17_09_14	2026-05-21T00:09:22Z	state/train1_election2020_pl_21_04_2026_00_22_36/checkpoint/state_dict_3000.ckpt	3	2	12	False	1000	1000	classification	2
election2020+pl	covid_political+nm	0.8178712477	reported_legacy	9tzc311v	eval_election2020_pl_to_covid_political_nm_3shot_20_05_2026_17_05_57	2026-05-21T00:05:59Z	state/train1_election2020_pl_21_04_2026_00_22_36/checkpoint/state_dict_3000.ckpt	3	3	12	True	500	500	neighbor_matching	2
election2020+pl	covid_political+pl	0.9245458333	reported_legacy	4zzt5l3s	eval_election2020_pl_to_covid_political_pl_3shot_20_05_2026_17_06_47	2026-05-21T00:06:49Z	state/train1_election2020_pl_21_04_2026_00_22_36/checkpoint/state_dict_3000.ckpt	3	2	12	True	500	500	classification	2
election2020+pl	election2020+nm	0.8194366667	reported_legacy	0s79gwus	eval_election2020_pl_to_election2020_nm_3shot_20_05_2026_17_05_55	2026-05-21T00:06:00Z	state/train1_election2020_pl_21_04_2026_00_22_36/checkpoint/state_dict_3000.ckpt	3	3	1	False	500	500	neighbor_matching	2
election2020+pl	election2020+pl	0.9920080000	reported_legacy	l36bgbxs	eval_election2020_pl_to_election2020_pl_3shot_20_05_2026_17_06_36	2026-05-21T00:06:39Z	state/train1_election2020_pl_21_04_2026_00_22_36/checkpoint/state_dict_3000.ckpt	3	2	1	False	500	500	classification	2
election2020+pl	midterm+lp	0.5023118924	void_pre_20260723	sadr4fae	eval_election2020_pl_to_midterm_lp_3shot_20_05_2026_17_07_07	2026-05-21T00:07:10Z	state/train1_election2020_pl_21_04_2026_00_22_36/checkpoint/state_dict_3000.ckpt	3	1	12	False	1000	1000	temporal_link_prediction	2
election2020+pl	midterm+nm	0.7093767170	reported_legacy	37hz73lg	eval_election2020_pl_to_midterm_nm_3shot_20_05_2026_17_06_28	2026-05-21T00:06:31Z	state/train1_election2020_pl_21_04_2026_00_22_36/checkpoint/state_dict_3000.ckpt	3	3	12	False	1000	1000	neighbor_matching	2
election2020+pl	midterm+pl	0.7674992361	reported_legacy	8ulyucyr	eval_election2020_pl_to_midterm_pl_3shot_20_05_2026_17_07_40	2026-05-21T00:07:44Z	state/train1_election2020_pl_21_04_2026_00_22_36/checkpoint/state_dict_3000.ckpt	3	2	12	False	1000	1000	classification	2
election2020+pl	ukr_rus_suspended+nm	0.5951913333	reported_legacy	bxcxscc3	eval_election2020_pl_to_ukr_rus_suspended_nm_3shot_20_05_2026_17_05_34	2026-05-21T00:05:38Z	state/train1_election2020_pl_21_04_2026_00_22_36/checkpoint/state_dict_3000.ckpt	3	3	1	False	500	500	neighbor_matching	2
election2020+pl	ukr_rus_suspended+pl	0.4987280000	reported_legacy	f9edw4ds	eval_election2020_pl_to_ukr_rus_suspended_pl_3shot_20_05_2026_17_05_54	2026-05-21T00:05:57Z	state/train1_election2020_pl_21_04_2026_00_22_36/checkpoint/state_dict_3000.ckpt	3	2	1	False	500	500	classification	2
election2020+pl	ukr_rus_twitter+lp	0.3956868611	void_pre_20260723	cdtwj8d5	eval_election2020_pl_to_ukr_rus_twitter_lp_3shot_20_05_2026_17_10_24	2026-05-21T00:10:42Z	state/train1_election2020_pl_21_04_2026_00_22_36/checkpoint/state_dict_3000.ckpt	3	1	12	False	1000	1000	temporal_link_prediction	2
election2020+pl	ukr_rus_twitter+nm	0.7714923640	reported_legacy	xsy7ah61	eval_election2020_pl_to_ukr_rus_twitter_nm_3shot_20_05_2026_17_09_39	2026-05-21T00:09:49Z	state/train1_election2020_pl_21_04_2026_00_22_36/checkpoint/state_dict_3000.ckpt	3	3	12	False	1000	1000	neighbor_matching	2
election2020+pl	ukr_rus_twitter+pl	0.6295860937	reported_legacy	18za3ep3	eval_election2020_pl_to_ukr_rus_twitter_pl_3shot_20_05_2026_17_11_26	2026-05-21T00:11:39Z	state/train1_election2020_pl_21_04_2026_00_22_36/checkpoint/state_dict_3000.ckpt	3	2	12	False	1000	1000	classification	2
ukr_rus_suspended+nm	covid19_twitter+lp	0.7800017500	void_pre_20260723	e4l7ph2m	eval_ukr_rus_suspended_nm_to_covid19_twitter_lp_3shot_20_05_2026_17_10_22	2026-05-21T00:10:30Z	state/train1_ukr_rus_suspended_nm_21_04_2026_00_47_47/checkpoint/state_dict_4000.ckpt	3	1	12	False	1000	1000	temporal_link_prediction	2
ukr_rus_suspended+nm	covid19_twitter+nm	0.9757351771	reported_legacy	nxpx7p46	eval_ukr_rus_suspended_nm_to_covid19_twitter_nm_3shot_20_05_2026_17_09_41	2026-05-21T00:09:52Z	state/train1_ukr_rus_suspended_nm_21_04_2026_00_47_47/checkpoint/state_dict_4000.ckpt	3	3	12	False	1000	1000	neighbor_matching	2
ukr_rus_suspended+nm	covid19_twitter+pl	0.5196402465	reported_legacy	afe4z82c	eval_ukr_rus_suspended_nm_to_covid19_twitter_pl_3shot_20_05_2026_17_10_53	2026-05-21T00:10:59Z	state/train1_ukr_rus_suspended_nm_21_04_2026_00_47_47/checkpoint/state_dict_4000.ckpt	3	2	12	False	1000	1000	classification	2
ukr_rus_suspended+nm	covid_political+nm	0.8672701991	reported_legacy	axp014mz	eval_ukr_rus_suspended_nm_to_covid_political_nm_3shot_20_05_2026_17_07_06	2026-05-21T00:07:08Z	state/train1_ukr_rus_suspended_nm_21_04_2026_00_47_47/checkpoint/state_dict_4000.ckpt	3	3	12	True	500	500	neighbor_matching	2
ukr_rus_suspended+nm	covid_political+pl	0.8959480417	reported_legacy	j09sfuwc	eval_ukr_rus_suspended_nm_to_covid_political_pl_3shot_20_05_2026_17_07_57	2026-05-21T00:07:59Z	state/train1_ukr_rus_suspended_nm_21_04_2026_00_47_47/checkpoint/state_dict_4000.ckpt	3	2	12	True	500	500	classification	2
ukr_rus_suspended+nm	election2020+nm	0.8716546667	reported_legacy	x81vtuf5	eval_ukr_rus_suspended_nm_to_election2020_nm_3shot_20_05_2026_17_07_02	2026-05-21T00:07:05Z	state/train1_ukr_rus_suspended_nm_21_04_2026_00_47_47/checkpoint/state_dict_4000.ckpt	3	3	1	False	500	500	neighbor_matching	2
ukr_rus_suspended+nm	election2020+pl	0.9833480000	reported_legacy	aqof31ge	eval_ukr_rus_suspended_nm_to_election2020_pl_3shot_20_05_2026_17_07_41	2026-05-21T00:07:45Z	state/train1_ukr_rus_suspended_nm_21_04_2026_00_47_47/checkpoint/state_dict_4000.ckpt	3	2	1	False	500	500	classification	2
ukr_rus_suspended+nm	midterm+lp	0.7213683576	void_pre_20260723	zzhvih6c	eval_ukr_rus_suspended_nm_to_midterm_lp_3shot_20_05_2026_17_08_46	2026-05-21T00:08:49Z	state/train1_ukr_rus_suspended_nm_21_04_2026_00_47_47/checkpoint/state_dict_4000.ckpt	3	1	12	False	1000	1000	temporal_link_prediction	2
ukr_rus_suspended+nm	midterm+nm	0.9434111725	reported_legacy	jf2h7a4l	eval_ukr_rus_suspended_nm_to_midterm_nm_3shot_20_05_2026_17_08_06	2026-05-21T00:08:10Z	state/train1_ukr_rus_suspended_nm_21_04_2026_00_47_47/checkpoint/state_dict_4000.ckpt	3	3	12	False	1000	1000	neighbor_matching	2
ukr_rus_suspended+nm	midterm+pl	0.7156958125	reported_legacy	k1siptsj	eval_ukr_rus_suspended_nm_to_midterm_pl_3shot_20_05_2026_17_09_18	2026-05-21T00:09:20Z	state/train1_ukr_rus_suspended_nm_21_04_2026_00_47_47/checkpoint/state_dict_4000.ckpt	3	2	12	False	1000	1000	classification	2
ukr_rus_suspended+nm	ukr_rus_suspended+nm	0.9228380000	reported_legacy	k1vu1df2	eval_ukr_rus_suspended_nm_to_ukr_rus_suspended_nm_3shot_20_05_2026_17_06_08	2026-05-21T00:06:10Z	state/train1_ukr_rus_suspended_nm_21_04_2026_00_47_47/checkpoint/state_dict_4000.ckpt	3	3	1	False	500	500	neighbor_matching	2
ukr_rus_suspended+nm	ukr_rus_suspended+pl	0.4767920000	reported_legacy	1a8fvq1h	eval_ukr_rus_suspended_nm_to_ukr_rus_suspended_pl_3shot_20_05_2026_17_06_25	2026-05-21T00:06:28Z	state/train1_ukr_rus_suspended_nm_21_04_2026_00_47_47/checkpoint/state_dict_4000.ckpt	3	2	1	False	500	500	classification	2
ukr_rus_suspended+nm	ukr_rus_twitter+lp	0.6969125868	void_pre_20260723	mcnzr89o	eval_ukr_rus_suspended_nm_to_ukr_rus_twitter_lp_3shot_20_05_2026_17_12_46	2026-05-21T00:12:56Z	state/train1_ukr_rus_suspended_nm_21_04_2026_00_47_47/checkpoint/state_dict_4000.ckpt	3	1	12	False	1000	1000	temporal_link_prediction	2
ukr_rus_suspended+nm	ukr_rus_twitter+nm	0.9651497402	reported_legacy	pqelsclf	eval_ukr_rus_suspended_nm_to_ukr_rus_twitter_nm_3shot_20_05_2026_17_12_00	2026-05-21T00:12:11Z	state/train1_ukr_rus_suspended_nm_21_04_2026_00_47_47/checkpoint/state_dict_4000.ckpt	3	3	12	False	1000	1000	neighbor_matching	2
ukr_rus_suspended+nm	ukr_rus_twitter+pl	0.6112167569	reported_legacy	bfavygi8	eval_ukr_rus_suspended_nm_to_ukr_rus_twitter_pl_3shot_20_05_2026_17_13_20	2026-05-21T00:13:34Z	state/train1_ukr_rus_suspended_nm_21_04_2026_00_47_47/checkpoint/state_dict_4000.ckpt	3	2	12	False	1000	1000	classification	2
ukr_rus_suspended+pl	covid19_twitter+lp	0.4203767708	void_pre_20260723	w4u50x90	eval_ukr_rus_suspended_pl_to_covid19_twitter_lp_3shot_20_05_2026_17_11_53	2026-05-21T00:12:02Z	state/train1_ukr_rus_suspended_pl_21_04_2026_00_48_10/checkpoint/state_dict_4000.ckpt	3	1	12	False	1000	1000	temporal_link_prediction	2
ukr_rus_suspended+pl	covid19_twitter+nm	0.4969921678	reported_legacy	qao25hgp	eval_ukr_rus_suspended_pl_to_covid19_twitter_nm_3shot_20_05_2026_17_11_17	2026-05-21T00:11:24Z	state/train1_ukr_rus_suspended_pl_21_04_2026_00_48_10/checkpoint/state_dict_4000.ckpt	3	3	12	False	1000	1000	neighbor_matching	2
ukr_rus_suspended+pl	covid19_twitter+pl	0.4527555486	reported_legacy	xgjj8a1e	eval_ukr_rus_suspended_pl_to_covid19_twitter_pl_3shot_20_05_2026_17_12_25	2026-05-21T00:12:31Z	state/train1_ukr_rus_suspended_pl_21_04_2026_00_48_10/checkpoint/state_dict_4000.ckpt	3	2	12	False	1000	1000	classification	2
ukr_rus_suspended+pl	covid_political+nm	0.4962868773	reported_legacy	zqer80ve	eval_ukr_rus_suspended_pl_to_covid_political_nm_3shot_20_05_2026_17_08_16	2026-05-21T00:08:28Z	state/train1_ukr_rus_suspended_pl_21_04_2026_00_48_10/checkpoint/state_dict_4000.ckpt	3	3	12	True	500	500	neighbor_matching	2
ukr_rus_suspended+pl	covid_political+pl	0.3909605833	reported_legacy	cogznac9	eval_ukr_rus_suspended_pl_to_covid_political_pl_3shot_20_05_2026_17_09_17	2026-05-21T00:09:20Z	state/train1_ukr_rus_suspended_pl_21_04_2026_00_48_10/checkpoint/state_dict_4000.ckpt	3	2	12	True	500	500	classification	2
ukr_rus_suspended+pl	election2020+nm	0.4845880000	reported_legacy	bermhf9l	eval_ukr_rus_suspended_pl_to_election2020_nm_3shot_20_05_2026_17_08_07	2026-05-21T00:08:12Z	state/train1_ukr_rus_suspended_pl_21_04_2026_00_48_10/checkpoint/state_dict_4000.ckpt	3	3	1	False	500	500	neighbor_matching	2
ukr_rus_suspended+pl	election2020+pl	0.5276540000	reported_legacy	edd1ez4w	eval_ukr_rus_suspended_pl_to_election2020_pl_3shot_20_05_2026_17_08_47	2026-05-21T00:08:50Z	state/train1_ukr_rus_suspended_pl_21_04_2026_00_48_10/checkpoint/state_dict_4000.ckpt	3	2	1	False	500	500	classification	2
ukr_rus_suspended+pl	midterm+lp	0.4034723819	void_pre_20260723	gt9x77wj	eval_ukr_rus_suspended_pl_to_midterm_lp_3shot_20_05_2026_17_10_17	2026-05-21T00:10:19Z	state/train1_ukr_rus_suspended_pl_21_04_2026_00_48_10/checkpoint/state_dict_4000.ckpt	3	1	12	False	1000	1000	temporal_link_prediction	2
ukr_rus_suspended+pl	midterm+nm	0.4973318409	reported_legacy	x9dxjrmr	eval_ukr_rus_suspended_pl_to_midterm_nm_3shot_20_05_2026_17_09_40	2026-05-21T00:09:43Z	state/train1_ukr_rus_suspended_pl_21_04_2026_00_48_10/checkpoint/state_dict_4000.ckpt	3	3	12	False	1000	1000	neighbor_matching	2
ukr_rus_suspended+pl	midterm+pl	0.5242424306	reported_legacy	qhkv0ipd	eval_ukr_rus_suspended_pl_to_midterm_pl_3shot_20_05_2026_17_10_46	2026-05-21T00:10:49Z	state/train1_ukr_rus_suspended_pl_21_04_2026_00_48_10/checkpoint/state_dict_4000.ckpt	3	2	12	False	1000	1000	classification	2
ukr_rus_suspended+pl	ukr_rus_suspended+nm	0.4996486667	reported_legacy	19as189m	eval_ukr_rus_suspended_pl_to_ukr_rus_suspended_nm_3shot_20_05_2026_17_06_39	2026-05-21T00:06:41Z	state/train1_ukr_rus_suspended_pl_21_04_2026_00_48_10/checkpoint/state_dict_4000.ckpt	3	3	1	False	500	500	neighbor_matching	2
ukr_rus_suspended+pl	ukr_rus_suspended+pl	0.4975640000	reported_legacy	u5psmfri	eval_ukr_rus_suspended_pl_to_ukr_rus_suspended_pl_3shot_20_05_2026_17_06_56	2026-05-21T00:06:58Z	state/train1_ukr_rus_suspended_pl_21_04_2026_00_48_10/checkpoint/state_dict_4000.ckpt	3	2	1	False	500	500	classification	2
ukr_rus_suspended+pl	ukr_rus_twitter+lp	0.3869437778	void_pre_20260723	v82gdr4s	eval_ukr_rus_suspended_pl_to_ukr_rus_twitter_lp_3shot_20_05_2026_17_15_03	2026-05-21T00:15:14Z	state/train1_ukr_rus_suspended_pl_21_04_2026_00_48_10/checkpoint/state_dict_4000.ckpt	3	1	12	False	1000	1000	temporal_link_prediction	2
ukr_rus_suspended+pl	ukr_rus_twitter+nm	0.4936630955	reported_legacy	l28oupzz	eval_ukr_rus_suspended_pl_to_ukr_rus_twitter_nm_3shot_20_05_2026_17_14_15	2026-05-21T00:14:27Z	state/train1_ukr_rus_suspended_pl_21_04_2026_00_48_10/checkpoint/state_dict_4000.ckpt	3	3	12	False	1000	1000	neighbor_matching	2
ukr_rus_suspended+pl	ukr_rus_twitter+pl	0.4698542153	reported_legacy	bh1vdpi2	eval_ukr_rus_suspended_pl_to_ukr_rus_twitter_pl_3shot_20_05_2026_17_15_36	2026-05-21T00:15:45Z	state/train1_ukr_rus_suspended_pl_21_04_2026_00_48_10/checkpoint/state_dict_4000.ckpt	3	2	12	False	1000	1000	classification	2
