order,rung,added,source_count,sources,target,roc_auc,accuracy,f1
A,1,ukr_rus_twitter,1,ukr_rus_twitter,ukr_rus_twitter,0.599363695945083,0.08537222222222222,0.08535390646798051
A,1,ukr_rus_twitter,1,ukr_rus_twitter,covid19_twitter,0.7132308007183908,0.16644444444444445,0.1663918806397643
A,1,ukr_rus_twitter,1,ukr_rus_twitter,midterm,0.7096629620849295,0.1275888888888889,0.1275525020904672
A,1,ukr_rus_twitter,1,ukr_rus_twitter,covid_political,0.7545137868454662,0.17009444444444444,0.17009242695259633
A,1,ukr_rus_twitter,1,ukr_rus_twitter,election2020,0.6830909540229884,0.14666666666666667,0.14666496463246895
A,1,ukr_rus_twitter,1,ukr_rus_twitter,ukr_rus_suspended,0.6771790436781608,0.14833333333333334,0.148302483626867
A,1,ukr_rus_twitter,1,ukr_rus_twitter,twibot20,0.7427265016123883,0.2581777777777778,0.258187502951404
A,1,ukr_rus_twitter,1,ukr_rus_twitter,cp_hk_twitter,0.6241267262931035,0.09221666666666667,0.09214531729194722
A,1,ukr_rus_twitter,1,ukr_rus_twitter,facebook_page_reference,0.8857940402298851,0.5254833333333333,0.5255192164649225
A,2,covid19_twitter,2,"ukr_rus_twitter,covid19_twitter",ukr_rus_twitter,0.5976491703384418,0.08601666666666667,0.08600429341094773
A,2,covid19_twitter,2,"ukr_rus_twitter,covid19_twitter",covid19_twitter,0.7103266533365261,0.16752777777777778,0.16748000746324246
A,2,covid19_twitter,2,"ukr_rus_twitter,covid19_twitter",midterm,0.7093388358876117,0.12894444444444444,0.12891293483086697
A,2,covid19_twitter,2,"ukr_rus_twitter,covid19_twitter",covid_political,0.7538110572318009,0.17105,0.17105499791978065
A,2,covid19_twitter,2,"ukr_rus_twitter,covid19_twitter",election2020,0.6811376551724136,0.1458,0.1457780933779807
A,2,covid19_twitter,2,"ukr_rus_twitter,covid19_twitter",ukr_rus_suspended,0.6772116620689652,0.1532,0.15319141532453012
A,2,covid19_twitter,2,"ukr_rus_twitter,covid19_twitter",twibot20,0.7405691895274583,0.25855555555555554,0.25856036838862606
A,2,covid19_twitter,2,"ukr_rus_twitter,covid19_twitter",cp_hk_twitter,0.6202354771551725,0.09213333333333333,0.09207318687223455
A,2,covid19_twitter,2,"ukr_rus_twitter,covid19_twitter",facebook_page_reference,0.8885859880747126,0.534,0.5340160740237203
A,3,midterm,3,"ukr_rus_twitter,covid19_twitter,midterm",ukr_rus_twitter,0.5961710378033207,0.08587777777777778,0.0858671024474441
A,3,midterm,3,"ukr_rus_twitter,covid19_twitter,midterm",covid19_twitter,0.7066679524744572,0.16537222222222223,0.1653305107225031
A,3,midterm,3,"ukr_rus_twitter,covid19_twitter,midterm",midterm,0.7085767799808429,0.12791111111111111,0.1278742983411833
A,3,midterm,3,"ukr_rus_twitter,covid19_twitter,midterm",covid_political,0.7520900455938695,0.16928333333333334,0.16928285275832164
A,3,midterm,3,"ukr_rus_twitter,covid19_twitter,midterm",election2020,0.6775607379310346,0.14366666666666666,0.14367345921783709
A,3,midterm,3,"ukr_rus_twitter,covid19_twitter,midterm",ukr_rus_suspended,0.6768692528735633,0.15286666666666668,0.15284772444677924
A,3,midterm,3,"ukr_rus_twitter,covid19_twitter,midterm",twibot20,0.7357993693805873,0.2550277777777778,0.25503019803515053
A,3,midterm,3,"ukr_rus_twitter,covid19_twitter,midterm",cp_hk_twitter,0.6146658666666666,0.09231666666666667,0.0922707356769835
A,3,midterm,3,"ukr_rus_twitter,covid19_twitter,midterm",facebook_page_reference,0.8875125682471264,0.5363666666666667,0.5363934644026384
A,4,covid_political,4,"ukr_rus_twitter,covid19_twitter,midterm,covid_political",ukr_rus_twitter,0.5946692384418901,0.08525,0.08523598448980149
A,4,covid_political,4,"ukr_rus_twitter,covid19_twitter,midterm,covid_political",covid19_twitter,0.7043054728607918,0.16461666666666666,0.16457518451976608
A,4,covid_political,4,"ukr_rus_twitter,covid19_twitter,midterm,covid_political",midterm,0.7074412559706257,0.12758333333333333,0.12755661506881785
A,4,covid_political,4,"ukr_rus_twitter,covid19_twitter,midterm,covid_political",covid_political,0.750424067624521,0.16791666666666666,0.16791505436790802
A,4,covid_political,4,"ukr_rus_twitter,covid19_twitter,midterm,covid_political",election2020,0.6747588068965518,0.1418,0.1417877323560688
A,4,covid_political,4,"ukr_rus_twitter,covid19_twitter,midterm,covid_political",ukr_rus_suspended,0.6752677310344829,0.15506666666666666,0.15507034902637393
A,4,covid_political,4,"ukr_rus_twitter,covid19_twitter,midterm,covid_political",twibot20,0.7322427158684547,0.2499888888888889,0.24998965543946153
A,4,covid_political,4,"ukr_rus_twitter,covid19_twitter,midterm,covid_political",cp_hk_twitter,0.6108851541666667,0.09266666666666666,0.09261789734935018
A,4,covid_political,4,"ukr_rus_twitter,covid19_twitter,midterm,covid_political",facebook_page_reference,0.8844004987068964,0.53845,0.5384699938610251
A,5,election2020,5,"ukr_rus_twitter,covid19_twitter,midterm,covid_political,election2020",ukr_rus_twitter,0.5962474329182632,0.08581111111111112,0.08580178436926807
A,5,election2020,5,"ukr_rus_twitter,covid19_twitter,midterm,covid_political,election2020",covid19_twitter,0.7070700725893998,0.16645555555555555,0.16640267133903147
A,5,election2020,5,"ukr_rus_twitter,covid19_twitter,midterm,covid_political,election2020",midterm,0.7086556269157086,0.12863333333333332,0.1286084591870155
A,5,election2020,5,"ukr_rus_twitter,covid19_twitter,midterm,covid_political,election2020",covid_political,0.7517815870530012,0.1695111111111111,0.1695097862119575
A,5,election2020,5,"ukr_rus_twitter,covid19_twitter,midterm,covid_political,election2020",election2020,0.6772390459770115,0.143,0.14300596058959406
A,5,election2020,5,"ukr_rus_twitter,covid19_twitter,midterm,covid_political,election2020",ukr_rus_suspended,0.6760185701149424,0.1532,0.15321522516088348
A,5,election2020,5,"ukr_rus_twitter,covid19_twitter,midterm,covid_political,election2020",twibot20,0.7377958299489145,0.25475,0.25475274893640726
A,5,election2020,5,"ukr_rus_twitter,covid19_twitter,midterm,covid_political,election2020",cp_hk_twitter,0.6175508676724139,0.09278333333333333,0.09273489157445937
A,5,election2020,5,"ukr_rus_twitter,covid19_twitter,midterm,covid_political,election2020",facebook_page_reference,0.887857541954023,0.5369333333333334,0.5369575893140796
A,6,ukr_rus_suspended,6,"ukr_rus_twitter,covid19_twitter,midterm,covid_political,election2020,ukr_rus_suspended",ukr_rus_twitter,0.5962505833333331,0.08727777777777777,0.08726936262926789
A,6,ukr_rus_suspended,6,"ukr_rus_twitter,covid19_twitter,midterm,covid_political,election2020,ukr_rus_suspended",covid19_twitter,0.7139839655332055,0.16996111111111112,0.16991294356405548
A,6,ukr_rus_suspended,6,"ukr_rus_twitter,covid19_twitter,midterm,covid_political,election2020,ukr_rus_suspended",midterm,0.7116549793103446,0.13085555555555556,0.13081622047924413
A,6,ukr_rus_suspended,6,"ukr_rus_twitter,covid19_twitter,midterm,covid_political,election2020,ukr_rus_suspended",covid_political,0.7534591064974456,0.1718888888888889,0.1718979535343483
A,6,ukr_rus_suspended,6,"ukr_rus_twitter,covid19_twitter,midterm,covid_political,election2020,ukr_rus_suspended",election2020,0.6782160666666669,0.14526666666666666,0.1452551600020677
A,6,ukr_rus_suspended,6,"ukr_rus_twitter,covid19_twitter,midterm,covid_political,election2020,ukr_rus_suspended",ukr_rus_suspended,0.6823161494252872,0.1612,0.1611645413697713
A,6,ukr_rus_suspended,6,"ukr_rus_twitter,covid19_twitter,midterm,covid_political,election2020,ukr_rus_suspended",twibot20,0.7405489113825033,0.2597777777777778,0.2597938975096233
A,6,ukr_rus_suspended,6,"ukr_rus_twitter,covid19_twitter,midterm,covid_political,election2020,ukr_rus_suspended",cp_hk_twitter,0.6125469885057471,0.09266666666666666,0.09262543133716389
A,6,ukr_rus_suspended,6,"ukr_rus_twitter,covid19_twitter,midterm,covid_political,election2020,ukr_rus_suspended",facebook_page_reference,0.8942482732758621,0.54825,0.5482550292087779
A,7,twibot20,7,"ukr_rus_twitter,covid19_twitter,midterm,covid_political,election2020,ukr_rus_suspended,twibot20",ukr_rus_twitter,0.5961513352650063,0.08703333333333334,0.08702712460240909
A,7,twibot20,7,"ukr_rus_twitter,covid19_twitter,midterm,covid_political,election2020,ukr_rus_suspended,twibot20",covid19_twitter,0.7099176935025542,0.16777777777777778,0.16773654219067477
A,7,twibot20,7,"ukr_rus_twitter,covid19_twitter,midterm,covid_political,election2020,ukr_rus_suspended,twibot20",midterm,0.7108349497924649,0.12976666666666667,0.1297364941928649
A,7,twibot20,7,"ukr_rus_twitter,covid19_twitter,midterm,covid_political,election2020,ukr_rus_suspended,twibot20",covid_political,0.7522762568486591,0.16968333333333332,0.16968713793654502
A,7,twibot20,7,"ukr_rus_twitter,covid19_twitter,midterm,covid_political,election2020,ukr_rus_suspended,twibot20",election2020,0.6767327057471265,0.1424,0.14240746146114316
A,7,twibot20,7,"ukr_rus_twitter,covid19_twitter,midterm,covid_political,election2020,ukr_rus_suspended,twibot20",ukr_rus_suspended,0.681419487356322,0.15793333333333334,0.1579105140574723
A,7,twibot20,7,"ukr_rus_twitter,covid19_twitter,midterm,covid_political,election2020,ukr_rus_suspended,twibot20",twibot20,0.7388436658365262,0.2564611111111111,0.2564762495169329
A,7,twibot20,7,"ukr_rus_twitter,covid19_twitter,midterm,covid_political,election2020,ukr_rus_suspended,twibot20",cp_hk_twitter,0.6118017464080461,0.09266666666666666,0.09263407036601087
A,7,twibot20,7,"ukr_rus_twitter,covid19_twitter,midterm,covid_political,election2020,ukr_rus_suspended,twibot20",facebook_page_reference,0.8905412073275861,0.5410666666666667,0.5410873233694298
A,8,cp_hk_twitter,8,"ukr_rus_twitter,covid19_twitter,midterm,covid_political,election2020,ukr_rus_suspended,twibot20,cp_hk_twitter",ukr_rus_twitter,0.595983592480843,0.08713333333333333,0.0871241035905007
A,8,cp_hk_twitter,8,"ukr_rus_twitter,covid19_twitter,midterm,covid_political,election2020,ukr_rus_suspended,twibot20,cp_hk_twitter",covid19_twitter,0.7100369516443167,0.16776666666666668,0.16772254994395522
A,8,cp_hk_twitter,8,"ukr_rus_twitter,covid19_twitter,midterm,covid_political,election2020,ukr_rus_suspended,twibot20,cp_hk_twitter",midterm,0.71017469947318,0.1298388888888889,0.12980806006533435
A,8,cp_hk_twitter,8,"ukr_rus_twitter,covid19_twitter,midterm,covid_political,election2020,ukr_rus_suspended,twibot20,cp_hk_twitter",covid_political,0.7526283572477651,0.17054444444444444,0.17054451146188696
A,8,cp_hk_twitter,8,"ukr_rus_twitter,covid19_twitter,midterm,covid_political,election2020,ukr_rus_suspended,twibot20,cp_hk_twitter",election2020,0.6770266459770116,0.1438,0.1438269257783712
A,8,cp_hk_twitter,8,"ukr_rus_twitter,covid19_twitter,midterm,covid_political,election2020,ukr_rus_suspended,twibot20,cp_hk_twitter",ukr_rus_suspended,0.6815198597701151,0.16,0.15999399766325106
A,8,cp_hk_twitter,8,"ukr_rus_twitter,covid19_twitter,midterm,covid_political,election2020,ukr_rus_suspended,twibot20,cp_hk_twitter",twibot20,0.7383968347062578,0.2563,0.25630675758792115
A,8,cp_hk_twitter,8,"ukr_rus_twitter,covid19_twitter,midterm,covid_political,election2020,ukr_rus_suspended,twibot20,cp_hk_twitter",cp_hk_twitter,0.6097725876436783,0.09231666666666667,0.09227161284630428
A,8,cp_hk_twitter,8,"ukr_rus_twitter,covid19_twitter,midterm,covid_political,election2020,ukr_rus_suspended,twibot20,cp_hk_twitter",facebook_page_reference,0.891795188362069,0.54385,0.5438717402729403
A,9,facebook_page_reference,9,"ukr_rus_twitter,covid19_twitter,midterm,covid_political,election2020,ukr_rus_suspended,twibot20,cp_hk_twitter,facebook_page_reference",ukr_rus_twitter,0.5962419393199234,0.08609444444444445,0.08607988634622016
A,9,facebook_page_reference,9,"ukr_rus_twitter,covid19_twitter,midterm,covid_political,election2020,ukr_rus_suspended,twibot20,cp_hk_twitter,facebook_page_reference",covid19_twitter,0.7118645055874839,0.1681388888888889,0.1680969274856282
A,9,facebook_page_reference,9,"ukr_rus_twitter,covid19_twitter,midterm,covid_political,election2020,ukr_rus_suspended,twibot20,cp_hk_twitter,facebook_page_reference",midterm,0.7105598288633459,0.1288111111111111,0.12878111296281947
A,9,facebook_page_reference,9,"ukr_rus_twitter,covid19_twitter,midterm,covid_political,election2020,ukr_rus_suspended,twibot20,cp_hk_twitter,facebook_page_reference",covid_political,0.7531138860791825,0.17012777777777777,0.17012427827059842
A,9,facebook_page_reference,9,"ukr_rus_twitter,covid19_twitter,midterm,covid_political,election2020,ukr_rus_suspended,twibot20,cp_hk_twitter,facebook_page_reference",election2020,0.6768632252873563,0.14206666666666667,0.14210857671112645
A,9,facebook_page_reference,9,"ukr_rus_twitter,covid19_twitter,midterm,covid_political,election2020,ukr_rus_suspended,twibot20,cp_hk_twitter,facebook_page_reference",ukr_rus_suspended,0.681738567816092,0.1578,0.15779787324321062
A,9,facebook_page_reference,9,"ukr_rus_twitter,covid19_twitter,midterm,covid_political,election2020,ukr_rus_suspended,twibot20,cp_hk_twitter,facebook_page_reference",twibot20,0.7378647791666668,0.25326666666666664,0.2532755089102448
A,9,facebook_page_reference,9,"ukr_rus_twitter,covid19_twitter,midterm,covid_political,election2020,ukr_rus_suspended,twibot20,cp_hk_twitter,facebook_page_reference",cp_hk_twitter,0.6108045053160921,0.09235,0.09231300066447701
A,9,facebook_page_reference,9,"ukr_rus_twitter,covid19_twitter,midterm,covid_political,election2020,ukr_rus_suspended,twibot20,cp_hk_twitter,facebook_page_reference",facebook_page_reference,0.889002822126437,0.5378166666666667,0.5378485872573523
B,1,ukr_rus_suspended,1,ukr_rus_suspended,ukr_rus_twitter,0.606684469811622,0.0950388888888889,0.09503593540937093
B,1,ukr_rus_suspended,1,ukr_rus_suspended,covid19_twitter,0.7635911657088121,0.19488333333333333,0.19484329090321123
B,1,ukr_rus_suspended,1,ukr_rus_suspended,midterm,0.7283161649584929,0.1444111111111111,0.14436878842651218
B,1,ukr_rus_suspended,1,ukr_rus_suspended,covid_political,0.7873168939974458,0.18952222222222223,0.18952426190163651
B,1,ukr_rus_suspended,1,ukr_rus_suspended,election2020,0.7200673264367816,0.15646666666666667,0.156484587999563
B,1,ukr_rus_suspended,1,ukr_rus_suspended,ukr_rus_suspended,0.6954320114942529,0.18366666666666667,0.1836361242629782
B,1,ukr_rus_suspended,1,ukr_rus_suspended,twibot20,0.7997964896551725,0.30569444444444444,0.30570108952290803
B,1,ukr_rus_suspended,1,ukr_rus_suspended,cp_hk_twitter,0.6402755137931034,0.0974,0.09740714461813167
B,1,ukr_rus_suspended,1,ukr_rus_suspended,facebook_page_reference,0.8879230512931033,0.5511833333333334,0.5512114072793824
B,2,election2020,2,"ukr_rus_suspended,election2020",ukr_rus_twitter,0.6051902136015328,0.0928,0.09279219821110464
B,2,election2020,2,"ukr_rus_suspended,election2020",covid19_twitter,0.7458056361749682,0.1874888888888889,0.18743903924968486
B,2,election2020,2,"ukr_rus_suspended,election2020",midterm,0.7224727219827585,0.13803888888888888,0.1379942688062375
B,2,election2020,2,"ukr_rus_suspended,election2020",covid_political,0.7698041786238825,0.18108333333333335,0.1810775523578191
B,2,election2020,2,"ukr_rus_suspended,election2020",election2020,0.7043239448275863,0.15233333333333332,0.15231112652072332
B,2,election2020,2,"ukr_rus_suspended,election2020",ukr_rus_suspended,0.6903827471264369,0.17206666666666667,0.17200105687028072
B,2,election2020,2,"ukr_rus_suspended,election2020",twibot20,0.7824508430395913,0.29054444444444444,0.2905549610402806
B,2,election2020,2,"ukr_rus_suspended,election2020",cp_hk_twitter,0.637484640948276,0.09618333333333333,0.09618412444248389
B,2,election2020,2,"ukr_rus_suspended,election2020",facebook_page_reference,0.9018415840517241,0.5521833333333334,0.5521972756167002
B,3,ukr_rus_twitter,3,"ukr_rus_suspended,election2020,ukr_rus_twitter",ukr_rus_twitter,0.6018682028735631,0.08996666666666667,0.08995623670225966
B,3,ukr_rus_twitter,3,"ukr_rus_suspended,election2020,ukr_rus_twitter",covid19_twitter,0.7291948815293743,0.17938888888888888,0.17933812708721394
B,3,ukr_rus_twitter,3,"ukr_rus_suspended,election2020,ukr_rus_twitter",midterm,0.7184079666347382,0.1355222222222222,0.13548789060494112
B,3,ukr_rus_twitter,3,"ukr_rus_suspended,election2020,ukr_rus_twitter",covid_political,0.7616170185823755,0.17777777777777778,0.17777620210208467
B,3,ukr_rus_twitter,3,"ukr_rus_suspended,election2020,ukr_rus_twitter",election2020,0.6917600988505745,0.14906666666666665,0.1490981055923375
B,3,ukr_rus_twitter,3,"ukr_rus_suspended,election2020,ukr_rus_twitter",ukr_rus_suspended,0.6879588436781608,0.16673333333333334,0.16674002109743674
B,3,ukr_rus_twitter,3,"ukr_rus_suspended,election2020,ukr_rus_twitter",twibot20,0.7632402189814814,0.2771888888888889,0.2772042453612785
B,3,ukr_rus_twitter,3,"ukr_rus_suspended,election2020,ukr_rus_twitter",cp_hk_twitter,0.6312109090517242,0.09435,0.09432045229270956
B,3,ukr_rus_twitter,3,"ukr_rus_suspended,election2020,ukr_rus_twitter",facebook_page_reference,0.9010888142241379,0.5493,0.5493167055918079
B,4,facebook_page_reference,4,"ukr_rus_suspended,election2020,ukr_rus_twitter,facebook_page_reference",ukr_rus_twitter,0.5998164253033206,0.08813333333333333,0.0881185329190594
B,4,facebook_page_reference,4,"ukr_rus_suspended,election2020,ukr_rus_twitter,facebook_page_reference",covid19_twitter,0.7220159929597701,0.17622222222222222,0.17617204220100124
B,4,facebook_page_reference,4,"ukr_rus_suspended,election2020,ukr_rus_twitter,facebook_page_reference",midterm,0.7153762811462325,0.13345,0.13341860101142675
B,4,facebook_page_reference,4,"ukr_rus_suspended,election2020,ukr_rus_twitter,facebook_page_reference",covid_political,0.7595131453544061,0.17700555555555555,0.1770064902139568
B,4,facebook_page_reference,4,"ukr_rus_suspended,election2020,ukr_rus_twitter,facebook_page_reference",election2020,0.6852599586206897,0.1454,0.14540241787332495
B,4,facebook_page_reference,4,"ukr_rus_suspended,election2020,ukr_rus_twitter,facebook_page_reference",ukr_rus_suspended,0.6829367770114944,0.16133333333333333,0.1612993207420175
B,4,facebook_page_reference,4,"ukr_rus_suspended,election2020,ukr_rus_twitter,facebook_page_reference",twibot20,0.7519381050925925,0.26927222222222225,0.2692770509790751
B,4,facebook_page_reference,4,"ukr_rus_suspended,election2020,ukr_rus_twitter,facebook_page_reference",cp_hk_twitter,0.6246972785919541,0.09391666666666666,0.09388279148736167
B,4,facebook_page_reference,4,"ukr_rus_suspended,election2020,ukr_rus_twitter,facebook_page_reference",facebook_page_reference,0.8950563580459769,0.5427333333333333,0.5427801711537114
B,5,cp_hk_twitter,5,"ukr_rus_suspended,election2020,ukr_rus_twitter,facebook_page_reference,cp_hk_twitter",ukr_rus_twitter,0.5989845685983397,0.08771111111111111,0.0877038672293559
B,5,cp_hk_twitter,5,"ukr_rus_suspended,election2020,ukr_rus_twitter,facebook_page_reference,cp_hk_twitter",covid19_twitter,0.7188107795977013,0.17392222222222223,0.17386808770926832
B,5,cp_hk_twitter,5,"ukr_rus_suspended,election2020,ukr_rus_twitter,facebook_page_reference,cp_hk_twitter",midterm,0.7132010448435505,0.1318888888888889,0.131856599059101
B,5,cp_hk_twitter,5,"ukr_rus_suspended,election2020,ukr_rus_twitter,facebook_page_reference,cp_hk_twitter",covid_political,0.7588667954022987,0.17646666666666666,0.1764663286061555
B,5,cp_hk_twitter,5,"ukr_rus_suspended,election2020,ukr_rus_twitter,facebook_page_reference,cp_hk_twitter",election2020,0.686113455172414,0.14666666666666667,0.1466555606320961
B,5,cp_hk_twitter,5,"ukr_rus_suspended,election2020,ukr_rus_twitter,facebook_page_reference,cp_hk_twitter",ukr_rus_suspended,0.6837459011494252,0.1604,0.160383789115733
B,5,cp_hk_twitter,5,"ukr_rus_suspended,election2020,ukr_rus_twitter,facebook_page_reference,cp_hk_twitter",twibot20,0.750119160376756,0.26677222222222224,0.26678111160132073
B,5,cp_hk_twitter,5,"ukr_rus_suspended,election2020,ukr_rus_twitter,facebook_page_reference,cp_hk_twitter",cp_hk_twitter,0.6237015863505749,0.0937,0.09367957770127179
B,5,cp_hk_twitter,5,"ukr_rus_suspended,election2020,ukr_rus_twitter,facebook_page_reference,cp_hk_twitter",facebook_page_reference,0.8974956159482758,0.5464,0.546418256674746
B,6,covid_political,6,"ukr_rus_suspended,election2020,ukr_rus_twitter,facebook_page_reference,cp_hk_twitter,covid_political",ukr_rus_twitter,0.5990651728767561,0.0875,0.08748460518682298
B,6,covid_political,6,"ukr_rus_suspended,election2020,ukr_rus_twitter,facebook_page_reference,cp_hk_twitter,covid_political",covid19_twitter,0.7199431172413792,0.1741888888888889,0.17414643292915777
B,6,covid_political,6,"ukr_rus_suspended,election2020,ukr_rus_twitter,facebook_page_reference,cp_hk_twitter,covid_political",midterm,0.7144266180555554,0.1327888888888889,0.13275047489842845
B,6,covid_political,6,"ukr_rus_suspended,election2020,ukr_rus_twitter,facebook_page_reference,cp_hk_twitter,covid_political",covid_political,0.7576083891283525,0.17590555555555556,0.1759063927288809
B,6,covid_political,6,"ukr_rus_suspended,election2020,ukr_rus_twitter,facebook_page_reference,cp_hk_twitter,covid_political",election2020,0.6856896781609196,0.14753333333333332,0.14752994885436982
B,6,covid_political,6,"ukr_rus_suspended,election2020,ukr_rus_twitter,facebook_page_reference,cp_hk_twitter,covid_political",ukr_rus_suspended,0.6865165701149425,0.16266666666666665,0.16266167094183992
B,6,covid_political,6,"ukr_rus_suspended,election2020,ukr_rus_twitter,facebook_page_reference,cp_hk_twitter,covid_political",twibot20,0.7526842050925926,0.26885,0.2688594092269548
B,6,covid_political,6,"ukr_rus_suspended,election2020,ukr_rus_twitter,facebook_page_reference,cp_hk_twitter,covid_political",cp_hk_twitter,0.6221405458333333,0.09398333333333334,0.09394901750553154
B,6,covid_political,6,"ukr_rus_suspended,election2020,ukr_rus_twitter,facebook_page_reference,cp_hk_twitter,covid_political",facebook_page_reference,0.8987613567528735,0.5480666666666667,0.5480842683785591
B,7,covid19_twitter,7,"ukr_rus_suspended,election2020,ukr_rus_twitter,facebook_page_reference,cp_hk_twitter,covid_political,covid19_twitter",ukr_rus_twitter,0.5978426721104726,0.08725,0.08723077971396226
B,7,covid19_twitter,7,"ukr_rus_suspended,election2020,ukr_rus_twitter,facebook_page_reference,cp_hk_twitter,covid_political,covid19_twitter",covid19_twitter,0.715747667688378,0.17153333333333334,0.1714887462960943
B,7,covid19_twitter,7,"ukr_rus_suspended,election2020,ukr_rus_twitter,facebook_page_reference,cp_hk_twitter,covid_political,covid19_twitter",midterm,0.7128201904054918,0.13105,0.13102108137035248
B,7,covid19_twitter,7,"ukr_rus_suspended,election2020,ukr_rus_twitter,facebook_page_reference,cp_hk_twitter,covid_political,covid19_twitter",covid_political,0.756059370418263,0.17442777777777776,0.17442521790272106
B,7,covid19_twitter,7,"ukr_rus_suspended,election2020,ukr_rus_twitter,facebook_page_reference,cp_hk_twitter,covid_political,covid19_twitter",election2020,0.6831833264367815,0.147,0.1469958127034601
B,7,covid19_twitter,7,"ukr_rus_suspended,election2020,ukr_rus_twitter,facebook_page_reference,cp_hk_twitter,covid_political,covid19_twitter",ukr_rus_suspended,0.6851739425287355,0.16313333333333332,0.16311630465753796
B,7,covid19_twitter,7,"ukr_rus_suspended,election2020,ukr_rus_twitter,facebook_page_reference,cp_hk_twitter,covid_political,covid19_twitter",twibot20,0.7473321689655174,0.26359444444444446,0.2636066609828016
B,7,covid19_twitter,7,"ukr_rus_suspended,election2020,ukr_rus_twitter,facebook_page_reference,cp_hk_twitter,covid_political,covid19_twitter",cp_hk_twitter,0.6181479579022988,0.09335,0.09331058598764813
B,7,covid19_twitter,7,"ukr_rus_suspended,election2020,ukr_rus_twitter,facebook_page_reference,cp_hk_twitter,covid_political,covid19_twitter",facebook_page_reference,0.897325575,0.54725,0.5472628478406415
B,8,midterm,8,"ukr_rus_suspended,election2020,ukr_rus_twitter,facebook_page_reference,cp_hk_twitter,covid_political,covid19_twitter,midterm",ukr_rus_twitter,0.5976577351532567,0.08733333333333333,0.08731793528314527
B,8,midterm,8,"ukr_rus_suspended,election2020,ukr_rus_twitter,facebook_page_reference,cp_hk_twitter,covid_political,covid19_twitter,midterm",covid19_twitter,0.7177848415229884,0.17277222222222222,0.17272307483721455
B,8,midterm,8,"ukr_rus_suspended,election2020,ukr_rus_twitter,facebook_page_reference,cp_hk_twitter,covid_political,covid19_twitter,midterm",midterm,0.7133831159003832,0.1317888888888889,0.13175959012231106
B,8,midterm,8,"ukr_rus_suspended,election2020,ukr_rus_twitter,facebook_page_reference,cp_hk_twitter,covid_political,covid19_twitter,midterm",covid_political,0.7564917526340997,0.17535,0.17534877553906683
B,8,midterm,8,"ukr_rus_suspended,election2020,ukr_rus_twitter,facebook_page_reference,cp_hk_twitter,covid_political,covid19_twitter,midterm",election2020,0.6826681034482759,0.1468,0.14682057462380202
B,8,midterm,8,"ukr_rus_suspended,election2020,ukr_rus_twitter,facebook_page_reference,cp_hk_twitter,covid_political,covid19_twitter,midterm",ukr_rus_suspended,0.6845855931034481,0.1618,0.16182047626724338
B,8,midterm,8,"ukr_rus_suspended,election2020,ukr_rus_twitter,facebook_page_reference,cp_hk_twitter,covid_political,covid19_twitter,midterm",twibot20,0.7473081454022987,0.26502777777777775,0.2650410406066188
B,8,midterm,8,"ukr_rus_suspended,election2020,ukr_rus_twitter,facebook_page_reference,cp_hk_twitter,covid_political,covid19_twitter,midterm",cp_hk_twitter,0.6184584179597701,0.09305,0.09299958397609208
B,8,midterm,8,"ukr_rus_suspended,election2020,ukr_rus_twitter,facebook_page_reference,cp_hk_twitter,covid_political,covid19_twitter,midterm",facebook_page_reference,0.896892337643678,0.5474833333333333,0.5474813614296342
B,9,twibot20,9,"ukr_rus_suspended,election2020,ukr_rus_twitter,facebook_page_reference,cp_hk_twitter,covid_political,covid19_twitter,midterm,twibot20",ukr_rus_twitter,0.5954778357120051,0.08591666666666667,0.08590505380918656
B,9,twibot20,9,"ukr_rus_suspended,election2020,ukr_rus_twitter,facebook_page_reference,cp_hk_twitter,covid_political,covid19_twitter,midterm,twibot20",covid19_twitter,0.7097363601692211,0.16682777777777777,0.1667857884355244
B,9,twibot20,9,"ukr_rus_suspended,election2020,ukr_rus_twitter,facebook_page_reference,cp_hk_twitter,covid_political,covid19_twitter,midterm,twibot20",midterm,0.7098589067049809,0.12827222222222223,0.12824244409880944
B,9,twibot20,9,"ukr_rus_suspended,election2020,ukr_rus_twitter,facebook_page_reference,cp_hk_twitter,covid_political,covid19_twitter,midterm,twibot20",covid_political,0.7523615911238826,0.16937777777777777,0.1693713016198242
B,9,twibot20,9,"ukr_rus_suspended,election2020,ukr_rus_twitter,facebook_page_reference,cp_hk_twitter,covid_political,covid19_twitter,midterm,twibot20",election2020,0.6748123402298849,0.13986666666666667,0.13987849672184136
B,9,twibot20,9,"ukr_rus_suspended,election2020,ukr_rus_twitter,facebook_page_reference,cp_hk_twitter,covid_political,covid19_twitter,midterm,twibot20",ukr_rus_suspended,0.6804852229885058,0.15686666666666665,0.15685638449164482
B,9,twibot20,9,"ukr_rus_suspended,election2020,ukr_rus_twitter,facebook_page_reference,cp_hk_twitter,covid_political,covid19_twitter,midterm,twibot20",twibot20,0.7345833859514688,0.24973333333333333,0.2497434925553329
B,9,twibot20,9,"ukr_rus_suspended,election2020,ukr_rus_twitter,facebook_page_reference,cp_hk_twitter,covid_political,covid19_twitter,midterm,twibot20",cp_hk_twitter,0.6075851291666666,0.09215,0.09213317161598102
B,9,twibot20,9,"ukr_rus_suspended,election2020,ukr_rus_twitter,facebook_page_reference,cp_hk_twitter,covid_political,covid19_twitter,midterm,twibot20",facebook_page_reference,0.8867100102011495,0.5377666666666666,0.5378133169642887
C,1,twibot20,1,twibot20,ukr_rus_twitter,0.5946286987867178,0.08471666666666666,0.08471293891241909
C,1,twibot20,1,twibot20,covid19_twitter,0.7045780706098341,0.16067777777777778,0.16062528223997788
C,1,twibot20,1,twibot20,midterm,0.7059804756226054,0.12552777777777777,0.12548437819571845
C,1,twibot20,1,twibot20,covid_political,0.7511661549010218,0.16832222222222223,0.16831647125068713
C,1,twibot20,1,twibot20,election2020,0.6743609448275861,0.14026666666666668,0.14020775120263468
C,1,twibot20,1,twibot20,ukr_rus_suspended,0.6774289908045977,0.15693333333333334,0.15692013862863538
C,1,twibot20,1,twibot20,twibot20,0.7274558624840358,0.2419111111111111,0.24192245956123742
C,1,twibot20,1,twibot20,cp_hk_twitter,0.6029127449712645,0.09248333333333333,0.09245723925379239
C,1,twibot20,1,twibot20,facebook_page_reference,0.8826025017241379,0.5349833333333334,0.5350120805389729
C,2,midterm,2,"twibot20,midterm",ukr_rus_twitter,0.5950528764846743,0.08482777777777778,0.08481832247015059
C,2,midterm,2,"twibot20,midterm",covid19_twitter,0.7076805647349935,0.1627222222222222,0.16268222676134397
C,2,midterm,2,"twibot20,midterm",midterm,0.7085514285121329,0.12649444444444444,0.12645901044758967
C,2,midterm,2,"twibot20,midterm",covid_political,0.7505269166507025,0.1677,0.16769401758637517
C,2,midterm,2,"twibot20,midterm",election2020,0.6719119103448276,0.139,0.13898347048459933
C,2,midterm,2,"twibot20,midterm",ukr_rus_suspended,0.6747117425287356,0.15053333333333332,0.150561028357888
C,2,midterm,2,"twibot20,midterm",twibot20,0.7281214832535122,0.24177222222222222,0.2418027992541421
C,2,midterm,2,"twibot20,midterm",cp_hk_twitter,0.6050267860632185,0.09153333333333333,0.09147961171078815
C,2,midterm,2,"twibot20,midterm",facebook_page_reference,0.8776717485632184,0.5274666666666666,0.5274790799651764
C,3,covid19_twitter,3,"twibot20,midterm,covid19_twitter",ukr_rus_twitter,0.5952281905810983,0.08543333333333333,0.0854134076372937
C,3,covid19_twitter,3,"twibot20,midterm,covid19_twitter",covid19_twitter,0.7064948933588764,0.16466666666666666,0.16463072439705725
C,3,covid19_twitter,3,"twibot20,midterm,covid19_twitter",midterm,0.7095133657247765,0.12675,0.1267088471811877
C,3,covid19_twitter,3,"twibot20,midterm,covid19_twitter",covid_political,0.7501713785280971,0.1667722222222222,0.16676134244427873
C,3,covid19_twitter,3,"twibot20,midterm,covid19_twitter",election2020,0.673255020689655,0.14086666666666667,0.1408494565908182
C,3,covid19_twitter,3,"twibot20,midterm,covid19_twitter",ukr_rus_suspended,0.6773210551724138,0.1512,0.15122554111242126
C,3,covid19_twitter,3,"twibot20,midterm,covid19_twitter",twibot20,0.7336474283365262,0.24899444444444443,0.2490189204293667
C,3,covid19_twitter,3,"twibot20,midterm,covid19_twitter",cp_hk_twitter,0.609740619683908,0.09098333333333333,0.09093038575368385
C,3,covid19_twitter,3,"twibot20,midterm,covid19_twitter",facebook_page_reference,0.8839245021551724,0.53185,0.5318764242075116
C,4,covid_political,4,"twibot20,midterm,covid19_twitter,covid_political",ukr_rus_twitter,0.5938340179916987,0.08511666666666666,0.08510759639624026
C,4,covid_political,4,"twibot20,midterm,covid19_twitter,covid_political",covid19_twitter,0.7001572734674328,0.1620888888888889,0.16205441652481287
C,4,covid_political,4,"twibot20,midterm,covid19_twitter,covid_political",midterm,0.7081278606800765,0.12669444444444444,0.12666038676106994
C,4,covid_political,4,"twibot20,midterm,covid19_twitter,covid_political",covid_political,0.7494449148786718,0.16602777777777777,0.16602092329541204
C,4,covid_political,4,"twibot20,midterm,covid19_twitter,covid_political",election2020,0.671722096551724,0.13986666666666667,0.1398468299326336
C,4,covid_political,4,"twibot20,midterm,covid19_twitter,covid_political",ukr_rus_suspended,0.6752066643678163,0.1528,0.1527786440693764
C,4,covid_political,4,"twibot20,midterm,covid19_twitter,covid_political",twibot20,0.7294075035280972,0.2432,0.24321116899396972
C,4,covid_political,4,"twibot20,midterm,covid19_twitter,covid_political",cp_hk_twitter,0.6056512691091955,0.0923,0.09225076556638624
C,4,covid_political,4,"twibot20,midterm,covid19_twitter,covid_political",facebook_page_reference,0.8802136268678161,0.5339833333333334,0.5339945995656028
C,5,cp_hk_twitter,5,"twibot20,midterm,covid19_twitter,covid_political,cp_hk_twitter",ukr_rus_twitter,0.5941170825670496,0.0847,0.08469234764923263
C,5,cp_hk_twitter,5,"twibot20,midterm,covid19_twitter,covid_political,cp_hk_twitter",covid19_twitter,0.7001813633939975,0.16224444444444444,0.16220861825928926
C,5,cp_hk_twitter,5,"twibot20,midterm,covid19_twitter,covid_political,cp_hk_twitter",midterm,0.7081115547573434,0.12657222222222222,0.12653364408640544
C,5,cp_hk_twitter,5,"twibot20,midterm,covid19_twitter,covid_political,cp_hk_twitter",covid_political,0.7496548602011494,0.16712777777777776,0.16712238011319905
C,5,cp_hk_twitter,5,"twibot20,midterm,covid19_twitter,covid_political,cp_hk_twitter",election2020,0.672580427586207,0.14166666666666666,0.14164182338931627
C,5,cp_hk_twitter,5,"twibot20,midterm,covid19_twitter,covid_political,cp_hk_twitter",ukr_rus_suspended,0.675435491954023,0.1516,0.1515758883144163
C,5,cp_hk_twitter,5,"twibot20,midterm,covid19_twitter,covid_political,cp_hk_twitter",twibot20,0.7298808863505748,0.24463333333333334,0.24464492696888632
C,5,cp_hk_twitter,5,"twibot20,midterm,covid19_twitter,covid_political,cp_hk_twitter",cp_hk_twitter,0.605652529454023,0.09091666666666667,0.09087966978356178
C,5,cp_hk_twitter,5,"twibot20,midterm,covid19_twitter,covid_political,cp_hk_twitter",facebook_page_reference,0.8802781297413794,0.5344833333333333,0.5345067935126792
C,6,facebook_page_reference,6,"twibot20,midterm,covid19_twitter,covid_political,cp_hk_twitter,facebook_page_reference",ukr_rus_twitter,0.5950688706257984,0.08538333333333334,0.0853697151904016
C,6,facebook_page_reference,6,"twibot20,midterm,covid19_twitter,covid_political,cp_hk_twitter,facebook_page_reference",covid19_twitter,0.7037081438856959,0.16408333333333333,0.16405130089420128
C,6,facebook_page_reference,6,"twibot20,midterm,covid19_twitter,covid_political,cp_hk_twitter,facebook_page_reference",midterm,0.7078212869252876,0.12752222222222223,0.12748841846000883
C,6,facebook_page_reference,6,"twibot20,midterm,covid19_twitter,covid_political,cp_hk_twitter,facebook_page_reference",covid_political,0.7515650397828864,0.1683,0.1682984468913288
C,6,facebook_page_reference,6,"twibot20,midterm,covid19_twitter,covid_political,cp_hk_twitter,facebook_page_reference",election2020,0.6751467839080459,0.14173333333333332,0.1417231698900276
C,6,facebook_page_reference,6,"twibot20,midterm,covid19_twitter,covid_political,cp_hk_twitter,facebook_page_reference",ukr_rus_suspended,0.6789486091954023,0.15593333333333334,0.15595340192605783
C,6,facebook_page_reference,6,"twibot20,midterm,covid19_twitter,covid_political,cp_hk_twitter,facebook_page_reference",twibot20,0.7332859256704981,0.24773333333333333,0.24773723172163603
C,6,facebook_page_reference,6,"twibot20,midterm,covid19_twitter,covid_political,cp_hk_twitter,facebook_page_reference",cp_hk_twitter,0.6091175798850573,0.09261666666666667,0.09258119520885436
C,6,facebook_page_reference,6,"twibot20,midterm,covid19_twitter,covid_political,cp_hk_twitter,facebook_page_reference",facebook_page_reference,0.882584002729885,0.5301,0.5301322392710985
C,7,ukr_rus_twitter,7,"twibot20,midterm,covid19_twitter,covid_political,cp_hk_twitter,facebook_page_reference,ukr_rus_twitter",ukr_rus_twitter,0.595238166746488,0.085,0.08499426120411128
C,7,ukr_rus_twitter,7,"twibot20,midterm,covid19_twitter,covid_political,cp_hk_twitter,facebook_page_reference,ukr_rus_twitter",covid19_twitter,0.703253929980843,0.16327777777777777,0.16324531019167607
C,7,ukr_rus_twitter,7,"twibot20,midterm,covid19_twitter,covid_political,cp_hk_twitter,facebook_page_reference,ukr_rus_twitter",midterm,0.707978383636654,0.12796666666666667,0.1279379821195506
C,7,ukr_rus_twitter,7,"twibot20,midterm,covid19_twitter,covid_political,cp_hk_twitter,facebook_page_reference,ukr_rus_twitter",covid_political,0.7523322090996168,0.16872222222222222,0.16872294807595137
C,7,ukr_rus_twitter,7,"twibot20,midterm,covid19_twitter,covid_political,cp_hk_twitter,facebook_page_reference,ukr_rus_twitter",election2020,0.6761690988505747,0.14006666666666667,0.1400370043518622
C,7,ukr_rus_twitter,7,"twibot20,midterm,covid19_twitter,covid_political,cp_hk_twitter,facebook_page_reference,ukr_rus_twitter",ukr_rus_suspended,0.6763137425287357,0.15333333333333332,0.15334955302001912
C,7,ukr_rus_twitter,7,"twibot20,midterm,covid19_twitter,covid_political,cp_hk_twitter,facebook_page_reference,ukr_rus_twitter",twibot20,0.7336163262771394,0.2472111111111111,0.2472041073930892
C,7,ukr_rus_twitter,7,"twibot20,midterm,covid19_twitter,covid_political,cp_hk_twitter,facebook_page_reference,ukr_rus_twitter",cp_hk_twitter,0.6128405091954024,0.09226666666666666,0.09223486467294346
C,7,ukr_rus_twitter,7,"twibot20,midterm,covid19_twitter,covid_political,cp_hk_twitter,facebook_page_reference,ukr_rus_twitter",facebook_page_reference,0.8805568002873564,0.5286333333333333,0.5286447098345536
C,8,election2020,8,"twibot20,midterm,covid19_twitter,covid_political,cp_hk_twitter,facebook_page_reference,ukr_rus_twitter,election2020",ukr_rus_twitter,0.5965087518358876,0.08487777777777777,0.08485879562439165
C,8,election2020,8,"twibot20,midterm,covid19_twitter,covid_political,cp_hk_twitter,facebook_page_reference,ukr_rus_twitter,election2020",covid19_twitter,0.7032240356162196,0.1643388888888889,0.16429638045608289
C,8,election2020,8,"twibot20,midterm,covid19_twitter,covid_political,cp_hk_twitter,facebook_page_reference,ukr_rus_twitter,election2020",midterm,0.7088280800925926,0.12861666666666666,0.128585473585166
C,8,election2020,8,"twibot20,midterm,covid19_twitter,covid_political,cp_hk_twitter,facebook_page_reference,ukr_rus_twitter,election2020",covid_political,0.7531881008141761,0.1695222222222222,0.16952279191040648
C,8,election2020,8,"twibot20,midterm,covid19_twitter,covid_political,cp_hk_twitter,facebook_page_reference,ukr_rus_twitter,election2020",election2020,0.6787736206896552,0.14213333333333333,0.1421145398838714
C,8,election2020,8,"twibot20,midterm,covid19_twitter,covid_political,cp_hk_twitter,facebook_page_reference,ukr_rus_twitter,election2020",ukr_rus_suspended,0.6765236850574713,0.15406666666666666,0.15411042804532282
C,8,election2020,8,"twibot20,midterm,covid19_twitter,covid_political,cp_hk_twitter,facebook_page_reference,ukr_rus_twitter,election2020",twibot20,0.7365569499521073,0.24929444444444446,0.24928760295078928
C,8,election2020,8,"twibot20,midterm,covid19_twitter,covid_political,cp_hk_twitter,facebook_page_reference,ukr_rus_twitter,election2020",cp_hk_twitter,0.6182211080459771,0.09248333333333333,0.0924443717372175
C,8,election2020,8,"twibot20,midterm,covid19_twitter,covid_political,cp_hk_twitter,facebook_page_reference,ukr_rus_twitter,election2020",facebook_page_reference,0.8818904995689655,0.5264333333333333,0.5264494803229465
C,9,ukr_rus_suspended,9,"twibot20,midterm,covid19_twitter,covid_political,cp_hk_twitter,facebook_page_reference,ukr_rus_twitter,election2020,ukr_rus_suspended",ukr_rus_twitter,0.5962276619572157,0.08636111111111111,0.08634682480197359
C,9,ukr_rus_suspended,9,"twibot20,midterm,covid19_twitter,covid_political,cp_hk_twitter,facebook_page_reference,ukr_rus_twitter,election2020,ukr_rus_suspended",covid19_twitter,0.710338960105364,0.1682722222222222,0.16823411346548325
C,9,ukr_rus_suspended,9,"twibot20,midterm,covid19_twitter,covid_political,cp_hk_twitter,facebook_page_reference,ukr_rus_twitter,election2020,ukr_rus_suspended",midterm,0.7111436503033207,0.12960555555555556,0.12957295379128211
C,9,ukr_rus_suspended,9,"twibot20,midterm,covid19_twitter,covid_political,cp_hk_twitter,facebook_page_reference,ukr_rus_twitter,election2020,ukr_rus_suspended",covid_political,0.7531621677203065,0.17037777777777777,0.17037788595679731
C,9,ukr_rus_suspended,9,"twibot20,midterm,covid19_twitter,covid_political,cp_hk_twitter,facebook_page_reference,ukr_rus_twitter,election2020,ukr_rus_suspended",election2020,0.6766698689655172,0.142,0.1420424767226554
C,9,ukr_rus_suspended,9,"twibot20,midterm,covid19_twitter,covid_political,cp_hk_twitter,facebook_page_reference,ukr_rus_twitter,election2020,ukr_rus_suspended",ukr_rus_suspended,0.6814622574712642,0.1584,0.1584276558039792
C,9,ukr_rus_suspended,9,"twibot20,midterm,covid19_twitter,covid_political,cp_hk_twitter,facebook_page_reference,ukr_rus_twitter,election2020,ukr_rus_suspended",twibot20,0.7379675553160921,0.25360555555555553,0.2536160250258496
C,9,ukr_rus_suspended,9,"twibot20,midterm,covid19_twitter,covid_political,cp_hk_twitter,facebook_page_reference,ukr_rus_twitter,election2020,ukr_rus_suspended",cp_hk_twitter,0.6093235938218391,0.09246666666666667,0.0924306519839334
C,9,ukr_rus_suspended,9,"twibot20,midterm,covid19_twitter,covid_political,cp_hk_twitter,facebook_page_reference,ukr_rus_twitter,election2020,ukr_rus_suspended",facebook_page_reference,0.8895695084770114,0.5413833333333333,0.5414164886798297
